120780.exe,   40.74, ,   0.00, ,  1823,  1802,    12
120780.exe,   40.29, ,   0.00, ,  1821,  1809,    12
120780.exe,   40.57, ,   0.00, ,  1821,  1821,     0
120780.exe,   40.40, ,   0.00, ,  1821,  1812,     8
120780.exe,   40.67, ,   0.00, ,  1818,  1817,     0
120780.exe,   40.44, ,   0.00, ,  1833,  1829,     4
120780.exe,   40.55, ,   0.00, ,  1825,  1817,     8
120780.exe,   41.45, ,   0.00, ,  1825,  1812,    12
120780.exe,   40.96, ,   0.00, ,  1817,  1801,    16
120780.exe,   40.39, ,   0.00, ,  1823,  1818,     4
1231818.exe,    6.18, ,   0.00, ,   324,   320,     4
1231818.exe,    6.28, ,   0.00, ,   313,   309,     4
1231818.exe,    6.22, ,   0.00, ,   316,   312,     4
1231818.exe,    6.24, ,   0.00, ,   312,   307,     4
1231818.exe,    6.26, ,   0.00, ,   308,   308,     0
1231818.exe,    6.24, ,   0.00, ,   316,   304,    12
1231818.exe,    6.16, ,   0.00, ,   324,   320,     4
1231818.exe,    6.35, ,   0.00, ,   308,   307,     0
1231818.exe,    6.18, ,   0.00, ,   324,   323,     0
1231818.exe,    6.20, ,   0.00, ,   325,   324,     0
1290864.exe,    4.11, ,   0.00, ,   243,   235,     8
1290864.exe,    4.24, ,   0.00, ,   218,   207,    12
1290864.exe,    4.04, ,   0.00, ,   241,   230,    11
1290864.exe,    4.24, ,   0.00, ,   233,   225,     7
1290864.exe,    4.20, ,   0.00, ,   222,   214,     8
1290864.exe,    4.19, ,   0.00, ,   226,   215,    12
1290864.exe,    4.22, ,   0.00, ,   216,   200,    15
1290864.exe,    4.21, ,   0.00, ,   231,   228,     4
1290864.exe,    4.05, ,   0.00, ,   241,   233,     8
1290864.exe,    4.12, ,   0.00, ,   234,   218,    15
1318308.exe,   11.21, ,   0.00, ,   531,   519,    12
1318308.exe,   11.06, ,   0.00, ,   535,   531,     4
1318308.exe,   11.07, ,   0.00, ,   544,   540,     4
1318308.exe,   11.04, ,   0.00, ,   543,   532,    12
1318308.exe,   11.16, ,   0.00, ,   534,   534,     0
1318308.exe,   11.10, ,   0.00, ,   535,   531,     4
1318308.exe,   11.07, ,   0.00, ,   543,   532,    12
1318308.exe,   11.14, ,   0.00, ,   526,   515,    12
1318308.exe,   11.11, ,   0.00, ,   543,   543,     0
1318308.exe,   10.98, ,   0.00, ,   552,   552,     0
1340102.exe,   22.02, ,   0.00, ,  1029,  1017,    12
1340102.exe,   22.22, ,   0.00, ,  1020,  1008,    12
1340102.exe,   21.98, ,   0.00, ,  1037,  1029,     8
1340102.exe,   22.04, ,   0.00, ,  1028,  1023,     4
1340102.exe,   21.69, ,   0.00, ,  1045,  1045,     0
1340102.exe,   21.94, ,   0.00, ,  1036,  1029,     8
1340102.exe,   21.95, ,   0.00, ,  1037,  1029,     8
1340102.exe,   22.19, ,   0.00, ,  1029,  1025,     4
1340102.exe,   22.05, ,   0.00, ,  1021,  1012,     8
1340102.exe,   22.10, ,   0.00, ,  1038,  1034,     4
1570142.exe,    2.33, ,   0.00, ,   144,   132,    11
1570142.exe,    2.39, ,   0.00, ,   140,   132,     8
1570142.exe,    2.32, ,   0.00, ,   139,   139,     0
1570142.exe,    2.31, ,   0.00, ,   144,   136,     8
1570142.exe,    2.31, ,   0.00, ,   145,   145,     0
1570142.exe,    2.29, ,   0.00, ,   149,   141,     8
1570142.exe,    2.31, ,   0.00, ,   145,   134,    11
1570142.exe,    2.25, ,   0.00, ,   154,   154,     0
1570142.exe,    2.27, ,   0.00, ,   147,   140,     8
1570142.exe,    2.33, ,   0.00, ,   140,   133,     7
1751912.exe,   21.29, ,   0.00, ,  1085,  1073,    12
1751912.exe,   21.03, ,   0.00, ,  1072,  1060,    12
1751912.exe,   21.28, ,   0.00, ,  1081,  1073,     8
1751912.exe,   20.93, ,   0.00, ,  1090,  1082,     8
1751912.exe,   21.46, ,   0.00, ,  1091,  1087,     4
1751912.exe,   21.08, ,   0.00, ,  1099,  1090,     8
1751912.exe,   21.05, ,   0.00, ,  1087,  1075,    12
1751912.exe,   21.08, ,   0.00, ,  1105,  1097,     8
1751912.exe,   21.17, ,   0.00, ,  1082,  1078,     4
1751912.exe,   21.02, ,   0.00, ,  1091,  1083,     8
1920040.exe,    5.33, ,   0.00, ,   289,   274,    16
1920040.exe,    5.31, ,   0.00, ,   287,   282,     5
1920040.exe,    5.13, ,   0.00, ,   308,   301,     7
1920040.exe,    5.34, ,   0.00, ,   284,   283,     1
1920040.exe,    5.16, ,   0.00, ,   303,   300,     4
1920040.exe,    5.40, ,   0.00, ,   277,   266,    12
1920040.exe,    5.17, ,   0.00, ,   298,   286,    12
1920040.exe,    5.25, ,   0.00, ,   296,   287,     9
1920040.exe,    5.38, ,   0.00, ,   278,   273,     5
1920040.exe,    5.18, ,   0.00, ,   297,   289,     9
2079662.exe,   21.09, ,   0.00, ,   973,   961,    12
2079662.exe,   21.25, ,   0.00, ,   978,   970,     8
2079662.exe,   21.08, ,   0.00, ,   984,   976,     8
2079662.exe,   20.95, ,   0.00, ,   997,   997,     0
2079662.exe,   21.02, ,   0.00, ,   989,   989,     0
2079662.exe,   21.14, ,   0.00, ,   981,   977,     4
2079662.exe,   20.93, ,   0.00, ,   996,   996,     0
2079662.exe,   21.02, ,   0.00, ,   989,   981,     8
2079662.exe,   21.07, ,   0.00, ,   987,   975,    12
2079662.exe,   21.27, ,   0.00, ,   972,   952,    20
2087440.exe,   26.60, ,   0.00, ,  1277,  1261,    16
2087440.exe,   26.88, ,   0.00, ,  1282,  1266,    16
2087440.exe,   26.85, ,   0.00, ,  1291,  1286,     4
2087440.exe,   26.78, ,   0.00, ,  1298,  1290,     8
2087440.exe,   26.80, ,   0.00, ,  1274,  1266,     8
2087440.exe,   26.77, ,   0.00, ,  1286,  1274,    12
2087440.exe,   26.68, ,   0.00, ,  1277,  1261,    16
2087440.exe,   26.50, ,   0.00, ,  1284,  1272,    12
2087440.exe,   26.59, ,   0.00, ,  1288,  1287,     0
2087440.exe,   26.65, ,   0.00, ,  1284,  1284,     0
2095380.exe,    8.14, ,   0.00, ,   392,   377,    15
2095380.exe,    8.00, ,   0.00, ,   407,   407,     0
2095380.exe,    8.06, ,   0.00, ,   403,   399,     4
2095380.exe,    8.00, ,   0.00, ,   406,   398,     8
2095380.exe,    8.04, ,   0.00, ,   405,   394,    12
2095380.exe,    8.06, ,   0.00, ,   401,   397,     4
2095380.exe,    8.15, ,   0.00, ,   398,   390,     8
2095380.exe,    8.16, ,   0.00, ,   394,   386,     8
2095380.exe,    8.23, ,   0.00, ,   391,   379,    12
2095380.exe,    8.19, ,   0.00, ,   400,   399,     0
2118492.exe,   20.74, ,   0.00, ,  1072,  1060,    12
2118492.exe,   20.72, ,   0.00, ,  1084,  1075,     8
2118492.exe,   20.79, ,   0.00, ,  1071,  1062,     8
2118492.exe,   20.66, ,   0.00, ,  1069,  1065,     4
2118492.exe,   20.68, ,   0.00, ,  1078,  1078,     0
2118492.exe,   20.74, ,   0.00, ,  1071,  1063,     8
2118492.exe,   20.68, ,   0.00, ,  1077,  1057,    20
2118492.exe,   20.83, ,   0.00, ,  1077,  1069,     8
2118492.exe,   20.71, ,   0.00, ,  1077,  1065,    12
2118492.exe,   20.64, ,   0.00, ,  1086,  1082,     4
2133666.exe,   60.13, ,   0.00, ,  3006,  2997,     8
2133666.exe,   60.13, ,   0.00, ,  2998,  2997,     0
2133666.exe,   59.49, ,   0.00, ,  3012,  3011,     0
2133666.exe,   59.69, ,   0.00, ,  3007,  2998,     8
2133666.exe,   59.60, ,   0.00, ,  3023,  3015,     8
2133666.exe,   59.90, ,   0.00, ,  3006,  2990,    16
2133666.exe,   59.87, ,   0.00, ,  3001,  2993,     8
2133666.exe,   59.45, ,   0.00, ,  2993,  2985,     8
2133666.exe,   59.59, ,   0.00, ,  3001,  2992,     8
2133666.exe,   59.53, ,   0.00, ,  3010,  3001,     8
214531.exe,    5.21, ,   0.00, ,   264,   260,     4
214531.exe,    5.23, ,   0.00, ,   258,   257,     0
214531.exe,    5.17, ,   0.00, ,   270,   265,     4
214531.exe,    5.39, ,   0.00, ,   257,   244,    12
214531.exe,    5.08, ,   0.00, ,   275,   267,     8
214531.exe,    5.14, ,   0.00, ,   270,   270,     0
214531.exe,    5.31, ,   0.00, ,   257,   256,     0
214531.exe,    5.23, ,   0.00, ,   256,   248,     7
214531.exe,    5.18, ,   0.00, ,   265,   265,     0
214531.exe,    5.10, ,   0.00, ,   277,   269,     8
2148414.exe,    8.88, ,   0.00, ,   406,   406,     0
2148414.exe,    7.95, ,   0.00, ,   421,   417,     4
2148414.exe,    7.97, ,   0.00, ,   427,   423,     4
2148414.exe,    7.95, ,   0.00, ,   429,   421,     8
2148414.exe,    7.90, ,   0.00, ,   429,   421,     8
2148414.exe,    8.15, ,   0.00, ,   412,   400,    12
2148414.exe,    7.94, ,   0.00, ,   430,   422,     8
2148414.exe,    8.11, ,   0.00, ,   421,   413,     8
2148414.exe,    7.87, ,   0.00, ,   428,   424,     4
2148414.exe,    7.89, ,   0.00, ,   429,   421,     8
2167825.exe,    4.69, ,   0.00, ,   220,   212,     8
2167825.exe,    4.60, ,   0.00, ,   233,   229,     4
2167825.exe,    4.70, ,   0.00, ,   222,   218,     4
2167825.exe,    4.56, ,   0.00, ,   228,   224,     4
2167825.exe,    4.78, ,   0.00, ,   234,   230,     4
2167825.exe,    5.03, ,   0.00, ,   230,   229,     0
2167825.exe,    4.85, ,   0.00, ,   230,   223,     8
2167825.exe,    5.18, ,   0.00, ,   235,   223,    11
2167825.exe,    5.08, ,   0.00, ,   238,   234,     4
2167825.exe,    5.07, ,   0.00, ,   241,   226,    15
2270454.exe,    3.48, ,   0.00, ,   189,   181,     8
2270454.exe,    3.57, ,   0.00, ,   183,   168,    15
2270454.exe,    3.54, ,   0.00, ,   177,   169,     8
2270454.exe,    3.50, ,   0.00, ,   184,   179,     4
2270454.exe,    3.49, ,   0.00, ,   189,   182,     7
2270454.exe,    3.40, ,   0.00, ,   178,   170,     8
2270454.exe,    3.44, ,   0.00, ,   178,   175,     4
2270454.exe,    3.58, ,   0.00, ,   181,   165,    15
2270454.exe,    3.38, ,   0.00, ,   181,   165,    15
2270454.exe,    3.45, ,   0.00, ,   177,   176,     0
2279764.exe,   18.76, ,   0.00, ,   822,   818,     4
2279764.exe,   18.86, ,   0.00, ,   840,   832,     8
2279764.exe,   18.26, ,   0.00, ,   833,   821,    12
2279764.exe,   18.51, ,   0.00, ,   825,   817,     8
2279764.exe,   18.72, ,   0.00, ,   813,   801,    12
2279764.exe,   18.25, ,   0.00, ,   837,   826,    12
2279764.exe,   18.11, ,   0.00, ,   833,   824,     8
2279764.exe,   18.31, ,   0.00, ,   829,   829,     0
2279764.exe,   18.24, ,   0.00, ,   833,   825,     8
2279764.exe,   18.45, ,   0.00, ,   833,   825,     8
2282083.exe,   48.87, ,   0.00, ,  2385,  2380,     4
2282083.exe,   49.06, ,   0.00, ,  2376,  2375,     0
2282083.exe,   48.22, ,   0.00, ,  2387,  2371,    16
2282083.exe,   48.76, ,   0.00, ,  2395,  2390,     4
2282083.exe,   49.04, ,   0.00, ,  2370,  2358,    12
2282083.exe,   48.58, ,   0.00, ,  2385,  2372,    12
2282083.exe,   49.09, ,   0.00, ,  2370,  2362,     8
2282083.exe,   49.14, ,   0.00, ,  2370,  2362,     8
2282083.exe,   48.21, ,   0.00, ,  2397,  2392,     4
2282083.exe,   48.52, ,   0.00, ,  2389,  2376,    12
2373932.exe,   59.45, ,   0.00, ,  2997,  2989,     8
2373932.exe,   59.67, ,   0.00, ,  3004,  2992,    12
2373932.exe,   60.06, ,   0.00, ,  2991,  2987,     4
2373932.exe,   60.07, ,   0.00, ,  3004,  2996,     8
2373932.exe,   60.49, ,   0.00, ,  2988,  2980,     8
2373932.exe,   60.39, ,   0.00, ,  2987,  2979,     8
2373932.exe,   60.13, ,   0.00, ,  3004,  2992,    12
2373932.exe,   60.41, ,   0.00, ,  2986,  2982,     4
2373932.exe,   60.37, ,   0.00, ,  2998,  2982,    16
2373932.exe,   59.61, ,   0.00, ,  3010,  3006,     4
247789.exe,    2.60, ,   0.00, ,   152,   140,    11
247789.exe,    2.53, ,   0.00, ,   168,   168,     0
247789.exe,    2.54, ,   0.00, ,   154,   143,    11
247789.exe,    2.57, ,   0.00, ,   156,   152,     4
247789.exe,    2.51, ,   0.00, ,   160,   148,    12
247789.exe,    2.55, ,   0.00, ,   160,   149,    11
247789.exe,    2.57, ,   0.00, ,   151,   148,     4
247789.exe,    2.58, ,   0.00, ,   160,   149,    12
247789.exe,    2.53, ,   0.00, ,   160,   156,     4
247789.exe,    2.48, ,   0.00, ,   164,   155,     8
2513196.exe,    8.00, ,   0.00, ,   379,   368,    12
2513196.exe,    7.80, ,   0.00, ,   404,   396,     8
2513196.exe,    7.77, ,   0.00, ,   400,   392,     8
2513196.exe,    7.82, ,   0.00, ,   398,   397,     0
2513196.exe,    8.03, ,   0.00, ,   393,   385,     8
2513196.exe,    8.00, ,   0.00, ,   385,   377,     8
2513196.exe,    8.02, ,   0.00, ,   384,   368,    16
2513196.exe,    8.10, ,   0.00, ,   389,   381,     8
2513196.exe,    8.13, ,   0.00, ,   375,   359,    15
2513196.exe,    7.89, ,   0.00, ,   396,   388,     8
2674105.exe,   17.16, ,   0.00, ,   799,   787,    12
2674105.exe,   16.96, ,   0.00, ,   823,   815,     8
2674105.exe,   17.01, ,   0.00, ,   814,   802,    12
2674105.exe,   17.18, ,   0.00, ,   797,   793,     4
2674105.exe,   17.06, ,   0.00, ,   815,   807,     8
2674105.exe,   17.21, ,   0.00, ,   797,   793,     4
2674105.exe,   16.95, ,   0.00, ,   822,   823,     0
2674105.exe,   17.16, ,   0.00, ,   805,   793,    12
2674105.exe,   17.13, ,   0.00, ,   814,   806,     8
2674105.exe,   17.11, ,   0.00, ,   806,   798,     8
303419.exe,    4.84, ,   0.00, ,   245,   241,     4
303419.exe,    4.86, ,   0.00, ,   252,   237,    15
303419.exe,    4.95, ,   0.00, ,   235,   227,     8
303419.exe,    4.71, ,   0.00, ,   257,   245,    12
303419.exe,    4.66, ,   0.00, ,   258,   246,    12
303419.exe,    4.86, ,   0.00, ,   251,   248,     4
303419.exe,    4.62, ,   0.00, ,   272,   265,     8
303419.exe,    4.70, ,   0.00, ,   261,   261,     0
303419.exe,    4.85, ,   0.00, ,   245,   237,     8
303419.exe,    4.72, ,   0.00, ,   252,   252,     0
3104536.exe,    3.36, ,   0.00, ,   180,   176,     4
3104536.exe,    3.20, ,   0.00, ,   201,   190,    11
3104536.exe,    3.29, ,   0.00, ,   188,   184,     4
3104536.exe,    3.28, ,   0.00, ,   187,   172,    15
3104536.exe,    3.31, ,   0.00, ,   189,   182,     7
3104536.exe,    3.40, ,   0.00, ,   179,   171,     8
3104536.exe,    3.33, ,   0.00, ,   189,   186,     4
3104536.exe,    3.27, ,   0.00, ,   183,   175,     7
3104536.exe,    3.24, ,   0.00, ,   197,   190,     8
3104536.exe,    3.32, ,   0.00, ,   184,   172,    11
3163004.exe,    7.11, ,   0.00, ,   370,   359,    12
3163004.exe,    6.96, ,   0.00, ,   392,   392,     0
3163004.exe,    7.13, ,   0.00, ,   374,   362,    12
3163004.exe,    7.01, ,   0.00, ,   374,   359,    15
3163004.exe,    7.10, ,   0.00, ,   366,   351,    15
3163004.exe,    7.08, ,   0.00, ,   371,   363,     8
3163004.exe,    6.99, ,   0.00, ,   383,   383,     0
3163004.exe,    7.08, ,   0.00, ,   376,   368,     8
3163004.exe,    7.09, ,   0.00, ,   366,   362,     4
3163004.exe,    7.00, ,   0.00, ,   383,   379,     4
3231389.exe,   31.58, ,   0.00, ,  1641,  1641,     0
3231389.exe,   31.79, ,   0.00, ,  1641,  1629,    12
3231389.exe,   31.74, ,   0.00, ,  1641,  1637,     4
3231389.exe,   31.62, ,   0.00, ,  1632,  1632,     0
3231389.exe,   31.70, ,   0.00, ,  1623,  1619,     4
3231389.exe,   31.67, ,   0.00, ,  1625,  1621,     4
3231389.exe,   31.73, ,   0.00, ,  1641,  1641,     0
3231389.exe,   31.78, ,   0.00, ,  1629,  1620,     8
3231389.exe,   31.58, ,   0.00, ,  1641,  1637,     4
3231389.exe,   32.03, ,   0.00, ,  1628,  1624,     4
3388688.exe,   10.21, ,   0.00, ,   464,   452,    12
3388688.exe,   10.16, ,   0.00, ,   463,   452,    12
3388688.exe,   10.18, ,   0.00, ,   469,   461,     8
3388688.exe,    9.95, ,   0.00, ,   489,   489,     0
3388688.exe,   10.05, ,   0.00, ,   472,   468,     4
3388688.exe,   10.10, ,   0.00, ,   481,   481,     0
3388688.exe,   10.08, ,   0.00, ,   471,   468,     4
3388688.exe,    9.85, ,   0.00, ,   498,   490,     8
3388688.exe,    9.80, ,   0.00, ,   497,   493,     4
3388688.exe,    9.99, ,   0.00, ,   490,   486,     4
396083.exe,   51.27, ,   0.00, ,  2233,  2212,    20
396083.exe,   50.82, ,   0.00, ,  2256,  2232,    24
396083.exe,   50.78, ,   0.00, ,  2249,  2244,     4
396083.exe,   51.23, ,   0.00, ,  2233,  2228,     4
396083.exe,   51.41, ,   0.00, ,  2230,  2217,    12
396083.exe,   50.66, ,   0.00, ,  2245,  2225,    20
396083.exe,   51.14, ,   0.00, ,  2242,  2217,    24
396083.exe,   50.77, ,   0.00, ,  2255,  2238,    16
396083.exe,   51.47, ,   0.00, ,  2224,  2200,    24
396083.exe,   50.61, ,   0.00, ,  2254,  2226,    28
3965275.exe,   66.61, ,   0.00, ,  3347,  3343,     4
3965275.exe,   66.32, ,   0.00, ,  3357,  3356,     0
3965275.exe,   66.52, ,   0.00, ,  3375,  3367,     8
3965275.exe,   66.61, ,   0.00, ,  3347,  3339,     8
3965275.exe,   67.54, ,   0.00, ,  3331,  3318,    12
3965275.exe,   66.80, ,   0.00, ,  3360,  3356,     4
3965275.exe,   66.77, ,   0.00, ,  3345,  3337,     8
3965275.exe,   67.07, ,   0.00, ,  3342,  3337,     4
3965275.exe,   66.98, ,   0.00, ,  3353,  3349,     4
3965275.exe,   66.74, ,   0.00, ,  3348,  3336,    12
4231587.exe,    7.58, ,   0.00, ,   391,   379,    12
4231587.exe,    7.61, ,   0.00, ,   388,   384,     4
4231587.exe,    7.60, ,   0.00, ,   387,   379,     8
4231587.exe,    7.64, ,   0.00, ,   388,   385,     4
4231587.exe,    7.76, ,   0.00, ,   379,   379,     0
4231587.exe,    7.65, ,   0.00, ,   386,   374,    12
4231587.exe,    7.91, ,   0.00, ,   363,   359,     4
4231587.exe,    7.74, ,   0.00, ,   370,   362,     8
4231587.exe,    7.69, ,   0.00, ,   378,   370,     8
4231587.exe,    7.63, ,   0.00, ,   387,   387,     0
4261319.exe,    8.22, ,   0.00, ,   411,   395,    16
4261319.exe,    8.26, ,   0.00, ,   407,   399,     8
4261319.exe,    8.20, ,   0.00, ,   415,   407,     8
4261319.exe,    8.30, ,   0.00, ,   408,   400,     8
4261319.exe,    8.14, ,   0.00, ,   425,   421,     4
4261319.exe,    8.12, ,   0.00, ,   425,   409,    16
4261319.exe,    8.12, ,   0.00, ,   425,   409,    16
4261319.exe,    7.94, ,   0.00, ,   433,   421,    12
4261319.exe,    8.13, ,   0.00, ,   424,   424,     0
4261319.exe,    8.41, ,   0.00, ,   399,   383,    16
4263677.exe,   35.22, ,   0.00, ,  1767,  1763,     4
4263677.exe,   35.40, ,   0.00, ,  1760,  1759,     0
4263677.exe,   35.42, ,   0.00, ,  1758,  1745,    12
4263677.exe,   34.91, ,   0.00, ,  1767,  1763,     4
4263677.exe,   35.53, ,   0.00, ,  1754,  1745,     8
4263677.exe,   35.32, ,   0.00, ,  1765,  1756,     8
4263677.exe,   35.35, ,   0.00, ,  1763,  1751,    12
4263677.exe,   35.19, ,   0.00, ,  1767,  1766,     0
4263677.exe,   35.23, ,   0.00, ,  1749,  1744,     4
4263677.exe,   35.08, ,   0.00, ,  1779,  1779,     0
4454123.exe,    5.21, ,   0.00, ,   278,   271,     7
4454123.exe,    5.09, ,   0.00, ,   287,   279,     8
4454123.exe,    5.28, ,   0.00, ,   269,   253,    15
4454123.exe,    5.06, ,   0.00, ,   287,   275,    12
4454123.exe,    5.22, ,   0.00, ,   277,   270,     8
4454123.exe,    5.16, ,   0.00, ,   278,   266,    12
4454123.exe,    5.12, ,   0.00, ,   286,   283,     4
4454123.exe,    5.14, ,   0.00, ,   287,   283,     4
4454123.exe,    5.12, ,   0.00, ,   284,   277,     8
4454123.exe,    4.99, ,   0.00, ,   290,   282,     8
4543507.exe,    2.82, ,   0.00, ,   172,   165,     7
4543507.exe,    2.83, ,   0.00, ,   169,   165,     4
4543507.exe,    2.87, ,   0.00, ,   172,   164,     8
4543507.exe,    2.90, ,   0.00, ,   158,   147,    11
4543507.exe,    2.75, ,   0.00, ,   174,   159,    15
4543507.exe,    2.85, ,   0.00, ,   166,   155,    12
4543507.exe,    2.84, ,   0.00, ,   164,   161,     3
4543507.exe,    2.71, ,   0.00, ,   182,   171,    11
4543507.exe,    2.78, ,   0.00, ,   174,   170,     4
4543507.exe,    2.86, ,   0.00, ,   168,   157,    12
4815772.exe,    9.77, ,   0.00, ,   469,   465,     4
4815772.exe,   10.03, ,   0.00, ,   462,   454,     8
4815772.exe,    9.84, ,   0.00, ,   471,   459,    12
4815772.exe,    9.70, ,   0.00, ,   474,   469,     4
4815772.exe,    9.80, ,   0.00, ,   462,   454,     8
4815772.exe,    9.86, ,   0.00, ,   467,   459,     8
4815772.exe,    9.93, ,   0.00, ,   463,   455,     8
4815772.exe,    9.82, ,   0.00, ,   467,   451,    16
4815772.exe,    9.64, ,   0.00, ,   488,   484,     4
4815772.exe,    9.84, ,   0.00, ,   472,   468,     4
5081047.exe,   46.75, ,   0.00, ,  2225,  2216,     8
5081047.exe,   46.22, ,   0.00, ,  2226,  2226,     0
5081047.exe,   46.41, ,   0.00, ,  2229,  2213,    16
5081047.exe,   46.48, ,   0.00, ,  2225,  2225,     0
5081047.exe,   46.70, ,   0.00, ,  2227,  2223,     4
5081047.exe,   45.89, ,   0.00, ,  2252,  2244,     8
5081047.exe,   46.58, ,   0.00, ,  2222,  2214,     8
5081047.exe,   46.62, ,   0.00, ,  2231,  2226,     4
5081047.exe,   46.47, ,   0.00, ,  2226,  2221,     4
5081047.exe,   46.53, ,   0.00, ,  2217,  2212,     4
508772.exe,    4.89, ,   0.00, ,   251,   246,     4
508772.exe,    4.85, ,   0.00, ,   257,   253,     4
508772.exe,    4.86, ,   0.00, ,   254,   247,     8
508772.exe,    4.89, ,   0.00, ,   253,   249,     4
508772.exe,    4.87, ,   0.00, ,   254,   250,     4
508772.exe,    4.96, ,   0.00, ,   251,   247,     4
508772.exe,    4.80, ,   0.00, ,   257,   249,     8
508772.exe,    4.86, ,   0.00, ,   253,   245,     8
508772.exe,    4.87, ,   0.00, ,   261,   249,    12
508772.exe,    4.73, ,   0.00, ,   268,   268,     0
511502.exe,   10.79, ,   0.00, ,   517,   509,     8
511502.exe,   10.83, ,   0.00, ,   509,   497,    12
511502.exe,   10.67, ,   0.00, ,   531,   526,     4
511502.exe,   10.58, ,   0.00, ,   534,   518,    16
511502.exe,   10.64, ,   0.00, ,   533,   521,    12
511502.exe,   10.77, ,   0.00, ,   517,   505,    12
511502.exe,   10.84, ,   0.00, ,   508,   504,     4
511502.exe,   10.86, ,   0.00, ,   517,   509,     8
511502.exe,   10.79, ,   0.00, ,   513,   509,     4
511502.exe,   11.05, ,   0.00, ,   500,   496,     4
5127391.exe,    3.88, ,   0.00, ,   216,   212,     4
5127391.exe,    3.91, ,   0.00, ,   202,   198,     4
5127391.exe,    3.93, ,   0.00, ,   201,   190,    11
5127391.exe,    3.81, ,   0.00, ,   214,   206,     8
5127391.exe,    3.82, ,   0.00, ,   209,   196,    12
5127391.exe,    3.87, ,   0.00, ,   204,   196,     8
5127391.exe,    3.96, ,   0.00, ,   202,   198,     4
5127391.exe,    3.84, ,   0.00, ,   212,   208,     4
5127391.exe,    3.97, ,   0.00, ,   197,   189,     8
5127391.exe,    3.88, ,   0.00, ,   213,   212,     0
5134592.exe,   36.49, ,   0.00, ,  1804,  1800,     4
5134592.exe,   36.25, ,   0.00, ,  1834,  1830,     4
5134592.exe,   36.23, ,   0.00, ,  1835,  1834,     0
5134592.exe,   36.49, ,   0.00, ,  1812,  1800,    12
5134592.exe,   36.32, ,   0.00, ,  1804,  1800,     4
5134592.exe,   35.88, ,   0.00, ,  1832,  1820,    12
5134592.exe,   36.56, ,   0.00, ,  1798,  1790,     8
5134592.exe,   36.17, ,   0.00, ,  1813,  1812,     0
5134592.exe,   36.03, ,   0.00, ,  1812,  1803,     8
5134592.exe,   36.11, ,   0.00, ,  1823,  1822,     0
5150837.exe,    4.18, ,   0.00, ,   201,   194,     8
5150837.exe,    4.14, ,   0.00, ,   206,   198,     8
5150837.exe,    4.14, ,   0.00, ,   214,   210,     4
5150837.exe,    3.97, ,   0.00, ,   221,   210,    12
5150837.exe,    3.90, ,   0.00, ,   232,   228,     4
5150837.exe,    4.01, ,   0.00, ,   224,   221,     4
5150837.exe,    3.97, ,   0.00, ,   224,   220,     4
5150837.exe,    4.04, ,   0.00, ,   213,   198,    15
5150837.exe,    4.19, ,   0.00, ,   204,   196,     8
5150837.exe,    3.98, ,   0.00, ,   224,   212,    12
5426291.exe,   20.78, ,   0.00, ,  1056,  1048,     8
5426291.exe,   20.89, ,   0.00, ,  1051,  1044,     8
5426291.exe,   20.78, ,   0.00, ,  1051,  1039,    12
5426291.exe,   20.80, ,   0.00, ,  1060,  1052,     8
5426291.exe,   20.87, ,   0.00, ,  1052,  1048,     4
5426291.exe,   20.70, ,   0.00, ,  1055,  1043,    12
5426291.exe,   20.68, ,   0.00, ,  1068,  1064,     4
5426291.exe,   20.65, ,   0.00, ,  1068,  1064,     4
5426291.exe,   20.86, ,   0.00, ,  1051,  1051,     0
5426291.exe,   20.80, ,   0.00, ,  1060,  1056,     4
5446581.exe,    2.41, ,   0.00, ,   149,   145,     4
5446581.exe,    2.43, ,   0.00, ,   145,   145,     0
5446581.exe,    2.45, ,   0.00, ,   143,   136,     7
5446581.exe,    2.48, ,   0.00, ,   142,   130,    12
5446581.exe,    2.37, ,   0.00, ,   150,   139,    11
5446581.exe,    2.42, ,   0.00, ,   145,   138,     7
5446581.exe,    2.45, ,   0.00, ,   148,   136,    12
5446581.exe,    2.35, ,   0.00, ,   156,   152,     4
5446581.exe,    2.41, ,   0.00, ,   150,   142,     8
5446581.exe,    2.33, ,   0.00, ,   163,   155,     8
5473623.exe,    3.33, ,   0.00, ,   195,   183,    12
5473623.exe,    3.37, ,   0.00, ,   191,   183,     8
5473623.exe,    3.28, ,   0.00, ,   205,   189,    16
5473623.exe,    3.39, ,   0.00, ,   188,   176,    11
5473623.exe,    3.32, ,   0.00, ,   187,   180,     8
5473623.exe,    3.33, ,   0.00, ,   204,   196,     8
5473623.exe,    3.37, ,   0.00, ,   190,   179,    11
5473623.exe,    3.35, ,   0.00, ,   194,   182,    11
5473623.exe,    3.41, ,   0.00, ,   190,   187,     4
5473623.exe,    3.35, ,   0.00, ,   197,   193,     4
5586183.exe,   46.26, ,   0.00, ,  2290,  2286,     4
5586183.exe,   46.36, ,   0.00, ,  2277,  2269,     8
5586183.exe,   46.57, ,   0.00, ,  2278,  2274,     4
5586183.exe,   45.93, ,   0.00, ,  2292,  2287,     4
5586183.exe,   45.99, ,   0.00, ,  2303,  2299,     4
5586183.exe,   46.71, ,   0.00, ,  2296,  2288,     8
5586183.exe,   46.56, ,   0.00, ,  2288,  2284,     4
5586183.exe,   46.18, ,   0.00, ,  2294,  2286,     8
5586183.exe,   46.56, ,   0.00, ,  2274,  2270,     4
5586183.exe,   46.30, ,   0.00, ,  2291,  2287,     4
5613968.exe,    7.66, ,   0.00, ,   381,   380,     0
5613968.exe,    7.73, ,   0.00, ,   375,   367,     8
5613968.exe,    8.07, ,   0.00, ,   356,   344,    12
5613968.exe,    7.64, ,   0.00, ,   387,   383,     4
5613968.exe,    7.52, ,   0.00, ,   392,   384,     8
5613968.exe,    7.58, ,   0.00, ,   388,   369,    19
5613968.exe,    7.57, ,   0.00, ,   396,   396,     0
5613968.exe,    7.52, ,   0.00, ,   392,   384,     8
5613968.exe,    7.62, ,   0.00, ,   393,   378,    16
5613968.exe,    7.53, ,   0.00, ,   396,   392,     4
5647218.exe,    2.71, ,   0.00, ,   135,   131,     4
5647218.exe,    2.55, ,   0.00, ,   155,   143,    11
5647218.exe,    2.55, ,   0.00, ,   144,   132,    12
5647218.exe,    2.53, ,   0.00, ,   152,   148,     4
5647218.exe,    2.51, ,   0.00, ,   154,   154,     0
5647218.exe,    2.51, ,   0.00, ,   155,   140,    15
5647218.exe,    2.56, ,   0.00, ,   151,   147,     4
5647218.exe,    2.53, ,   0.00, ,   154,   147,     8
5647218.exe,    2.58, ,   0.00, ,   145,   138,     8
5647218.exe,    2.69, ,   0.00, ,   145,   142,     4
5662782.exe,    2.51, ,   0.00, ,   141,   126,    15
5662782.exe,    2.45, ,   0.00, ,   153,   138,    15
5662782.exe,    2.47, ,   0.00, ,   144,   133,    11
5662782.exe,    2.59, ,   0.00, ,   144,   136,     8
5662782.exe,    2.44, ,   0.00, ,   153,   146,     8
5662782.exe,    2.49, ,   0.00, ,   146,   132,    14
5662782.exe,    2.49, ,   0.00, ,   144,   140,     4
5662782.exe,    2.43, ,   0.00, ,   154,   142,    11
5662782.exe,    2.47, ,   0.00, ,   158,   150,     8
5662782.exe,    2.48, ,   0.00, ,   142,   134,     7
5720269.exe,    4.49, ,   0.00, ,   234,   230,     4
5720269.exe,    4.63, ,   0.00, ,   220,   216,     4
5720269.exe,    4.34, ,   0.00, ,   258,   251,     8
5720269.exe,    4.36, ,   0.00, ,   252,   240,    12
5720269.exe,    4.46, ,   0.00, ,   242,   234,     8
5720269.exe,    4.55, ,   0.00, ,   229,   222,     7
5720269.exe,    4.57, ,   0.00, ,   250,   242,     8
5720269.exe,    4.46, ,   0.00, ,   244,   244,     0
5720269.exe,    4.47, ,   0.00, ,   242,   229,    12
5720269.exe,    4.62, ,   0.00, ,   225,   213,    12
5943908.exe,    9.39, ,   0.00, ,   471,   459,    12
5943908.exe,    9.47, ,   0.00, ,   476,   468,     8
5943908.exe,    9.59, ,   0.00, ,   470,   458,    12
5943908.exe,    9.46, ,   0.00, ,   470,   466,     4
5943908.exe,    9.43, ,   0.00, ,   479,   479,     0
5943908.exe,    9.56, ,   0.00, ,   471,   467,     4
5943908.exe,    9.40, ,   0.00, ,   470,   466,     4
5943908.exe,    9.42, ,   0.00, ,   476,   464,    12
5943908.exe,    9.66, ,   0.00, ,   449,   433,    16
5943908.exe,    9.34, ,   0.00, ,   478,   467,    12
5944073.exe,    4.05, ,   0.00, ,   240,   228,    12
5944073.exe,    4.00, ,   0.00, ,   239,   235,     4
5944073.exe,    4.19, ,   0.00, ,   216,   213,     4
5944073.exe,    4.07, ,   0.00, ,   233,   221,    12
5944073.exe,    4.13, ,   0.00, ,   222,   219,     4
5944073.exe,    4.16, ,   0.00, ,   215,   203,    11
5944073.exe,    4.07, ,   0.00, ,   236,   228,     8
5944073.exe,    3.98, ,   0.00, ,   232,   232,     0
5944073.exe,    4.22, ,   0.00, ,   210,   203,     8
5944073.exe,    4.14, ,   0.00, ,   229,   226,     4
5947037.exe,    8.24, ,   0.00, ,   422,   414,     8
5947037.exe,    8.24, ,   0.00, ,   428,   424,     4
5947037.exe,    8.23, ,   0.00, ,   418,   410,     8
5947037.exe,    8.31, ,   0.00, ,   410,   402,     8
5947037.exe,    8.14, ,   0.00, ,   428,   412,    16
5947037.exe,    8.11, ,   0.00, ,   436,   428,     8
5947037.exe,    8.15, ,   0.00, ,   427,   419,     8
5947037.exe,    8.29, ,   0.00, ,   428,   416,    12
5947037.exe,    8.21, ,   0.00, ,   435,   431,     4
5947037.exe,    8.24, ,   0.00, ,   428,   424,     4
5981318.exe,    3.90, ,   0.00, ,   207,   206,     0
5981318.exe,    3.72, ,   0.00, ,   228,   223,     4
5981318.exe,    3.70, ,   0.00, ,   224,   209,    16
5981318.exe,    3.79, ,   0.00, ,   215,   212,     4
5981318.exe,    3.75, ,   0.00, ,   216,   212,     4
5981318.exe,    3.83, ,   0.00, ,   214,   206,     8
5981318.exe,    3.80, ,   0.00, ,   218,   218,     0
5981318.exe,    3.73, ,   0.00, ,   215,   196,    19
5981318.exe,    3.86, ,   0.00, ,   205,   197,     8
5981318.exe,    4.03, ,   0.00, ,   201,   193,     8
6010355.exe,   27.75, ,   0.00, ,  1251,  1231,    20
6010355.exe,   27.37, ,   0.00, ,  1260,  1212,    48
6010355.exe,   27.48, ,   0.00, ,  1260,  1212,    48
6010355.exe,   27.55, ,   0.00, ,  1244,  1180,    63
6010355.exe,   27.57, ,   0.00, ,  1247,  1207,    40
6010355.exe,   27.73, ,   0.00, ,  1256,  1236,    20
6010355.exe,   27.59, ,   0.00, ,  1255,  1207,    48
6010355.exe,   27.52, ,   0.00, ,  1251,  1183,    68
6010355.exe,   27.37, ,   0.00, ,  1255,  1203,    52
6010355.exe,   27.32, ,   0.00, ,  1263,  1215,    48
6119802.exe,    2.42, ,   0.00, ,   144,   136,     8
6119802.exe,    2.33, ,   0.00, ,   150,   150,     0
6119802.exe,    2.41, ,   0.00, ,   145,   138,     8
6119802.exe,    2.36, ,   0.00, ,   154,   138,    16
6119802.exe,    2.39, ,   0.00, ,   148,   148,     0
6119802.exe,    2.41, ,   0.00, ,   146,   135,    12
6119802.exe,    2.49, ,   0.00, ,   133,   122,    12
6119802.exe,    2.44, ,   0.00, ,   133,   132,     0
6119802.exe,    2.39, ,   0.00, ,   145,   137,     8
6119802.exe,    2.46, ,   0.00, ,   135,   127,     7
6142844.exe,    8.24, ,   0.00, ,   416,   401,    16
6142844.exe,    8.21, ,   0.00, ,   422,   421,     0
6142844.exe,    8.37, ,   0.00, ,   396,   384,    12
6142844.exe,    8.22, ,   0.00, ,   425,   425,     0
6142844.exe,    8.19, ,   0.00, ,   425,   413,    12
6142844.exe,    8.24, ,   0.00, ,   418,   414,     4
6142844.exe,    8.35, ,   0.00, ,   404,   400,     4
6142844.exe,    8.28, ,   0.00, ,   417,   409,     8
6142844.exe,    8.24, ,   0.00, ,   417,   413,     4
6142844.exe,    8.31, ,   0.00, ,   417,   405,    12
6154087.exe,   15.61, ,   0.00, ,   789,   785,     4
6154087.exe,   15.11, ,   0.00, ,   815,   807,     8
6154087.exe,   15.53, ,   0.00, ,   782,   773,     8
6154087.exe,   15.19, ,   0.00, ,   806,   802,     4
6154087.exe,   15.34, ,   0.00, ,   793,   777,    16
6154087.exe,   15.20, ,   0.00, ,   801,   797,     4
6154087.exe,   15.30, ,   0.00, ,   812,   804,     8
6154087.exe,   15.39, ,   0.00, ,   786,   773,    12
6154087.exe,   15.26, ,   0.00, ,   810,   798,    12
6154087.exe,   15.25, ,   0.00, ,   807,   795,    12
622252.exe,   39.48, ,   0.00, ,  1968,  1963,     4
622252.exe,   39.40, ,   0.00, ,  1965,  1953,    12
622252.exe,   39.40, ,   0.00, ,  1959,  1954,     4
622252.exe,   39.18, ,   0.00, ,  1981,  1973,     8
622252.exe,   39.19, ,   0.00, ,  1973,  1964,     8
622252.exe,   39.39, ,   0.00, ,  1966,  1961,     4
622252.exe,   39.38, ,   0.00, ,  1970,  1965,     4
622252.exe,   39.19, ,   0.00, ,  1981,  1981,     0
622252.exe,   39.73, ,   0.00, ,  1974,  1961,    12
622252.exe,   39.07, ,   0.00, ,  1974,  1970,     4
6273484.exe,    4.03, ,   0.00, ,   220,   216,     4
6273484.exe,    4.12, ,   0.00, ,   204,   197,     8
6273484.exe,    4.03, ,   0.00, ,   216,   201,    15
6273484.exe,    3.94, ,   0.00, ,   232,   221,    12
6273484.exe,    3.88, ,   0.00, ,   234,   226,     8
6273484.exe,    3.99, ,   0.00, ,   220,   216,     4
6273484.exe,    3.98, ,   0.00, ,   221,   209,    12
6273484.exe,    3.99, ,   0.00, ,   220,   212,     8
6273484.exe,    3.93, ,   0.00, ,   228,   220,     8
6273484.exe,    3.99, ,   0.00, ,   222,   218,     4
6333870.exe,    8.24, ,   0.00, ,   412,   400,    12
6333870.exe,    8.31, ,   0.00, ,   416,   416,     0
6333870.exe,    8.29, ,   0.00, ,   416,   408,     8
6333870.exe,    8.29, ,   0.00, ,   415,   411,     4
6333870.exe,    8.14, ,   0.00, ,   420,   405,    16
6333870.exe,    8.19, ,   0.00, ,   417,   409,     8
6333870.exe,    8.23, ,   0.00, ,   425,   417,     8
6333870.exe,    8.40, ,   0.00, ,   399,   387,    12
6333870.exe,    8.56, ,   0.00, ,   392,   387,     4
6333870.exe,    8.34, ,   0.00, ,   404,   395,     8
634796.exe,    8.35, ,   0.00, ,   394,   382,    12
634796.exe,    8.13, ,   0.00, ,   419,   411,     8
634796.exe,    8.47, ,   0.00, ,   394,   389,     4
634796.exe,    8.23, ,   0.00, ,   411,   407,     4
634796.exe,    8.06, ,   0.00, ,   428,   413,    16
634796.exe,    8.24, ,   0.00, ,   406,   394,    12
634796.exe,    8.26, ,   0.00, ,   410,   402,     8
634796.exe,    8.15, ,   0.00, ,   410,   406,     4
634796.exe,    8.34, ,   0.00, ,   405,   393,    12
634796.exe,    8.22, ,   0.00, ,   411,   411,     0
647931.exe,   15.26, ,   0.00, ,   754,   742,    12
647931.exe,   15.47, ,   0.00, ,   734,   730,     4
647931.exe,   15.53, ,   0.00, ,   743,   735,     8
647931.exe,   15.33, ,   0.00, ,   749,   741,     8
647931.exe,   15.31, ,   0.00, ,   738,   730,     8
647931.exe,   15.33, ,   0.00, ,   752,   743,     8
647931.exe,   15.47, ,   0.00, ,   740,   739,     0
647931.exe,   15.46, ,   0.00, ,   723,   715,     8
647931.exe,   15.32, ,   0.00, ,   751,   743,     8
647931.exe,   15.53, ,   0.00, ,   722,   710,    12
6541879.exe,    4.20, ,   0.00, ,   217,   206,    11
6541879.exe,    3.99, ,   0.00, ,   244,   244,     0
6541879.exe,    4.10, ,   0.00, ,   229,   221,     8
6541879.exe,    4.20, ,   0.00, ,   221,   217,     4
6541879.exe,    4.08, ,   0.00, ,   235,   232,     4
6541879.exe,    4.12, ,   0.00, ,   231,   223,     8
6541879.exe,    4.11, ,   0.00, ,   232,   228,     4
6541879.exe,    4.03, ,   0.00, ,   243,   232,    11
6541879.exe,    4.19, ,   0.00, ,   227,   216,    12
6541879.exe,    4.12, ,   0.00, ,   228,   220,     8
6594659.exe,   59.46, ,   0.00, ,  2985,  2977,     8
6594659.exe,   60.11, ,   0.00, ,  2956,  2944,    12
6594659.exe,   59.11, ,   0.00, ,  2977,  2969,     8
6594659.exe,   59.42, ,   0.00, ,  2986,  2982,     4
6594659.exe,   59.57, ,   0.00, ,  2969,  2957,    12
6594659.exe,   60.41, ,   0.00, ,  2966,  2958,     8
6594659.exe,   60.08, ,   0.00, ,  2970,  2965,     4
6594659.exe,   60.18, ,   0.00, ,  2965,  2956,     8
6594659.exe,   59.83, ,   0.00, ,  2973,  2973,     0
6594659.exe,   59.51, ,   0.00, ,  2965,  2961,     4
684443.exe,    7.61, ,   0.00, ,   356,   356,     0
684443.exe,    7.56, ,   0.00, ,   365,   354,    11
684443.exe,    7.48, ,   0.00, ,   375,   363,    12
684443.exe,    7.43, ,   0.00, ,   367,   362,     4
684443.exe,    7.47, ,   0.00, ,   371,   359,    12
684443.exe,    7.52, ,   0.00, ,   370,   362,     8
684443.exe,    7.40, ,   0.00, ,   383,   371,    12
684443.exe,    7.53, ,   0.00, ,   363,   355,     8
684443.exe,    7.66, ,   0.00, ,   366,   350,    15
684443.exe,    7.54, ,   0.00, ,   366,   361,     4
7150067.exe,   17.40, ,   0.00, ,   802,   802,     0
7150067.exe,   17.11, ,   0.00, ,   806,   798,     8
7150067.exe,   17.16, ,   0.00, ,   815,   799,    16
7150067.exe,   17.25, ,   0.00, ,   799,   795,     4
7150067.exe,   17.23, ,   0.00, ,   807,   799,     8
7150067.exe,   17.24, ,   0.00, ,   807,   803,     4
7150067.exe,   17.17, ,   0.00, ,   800,   792,     8
7150067.exe,   17.28, ,   0.00, ,   804,   800,     4
7150067.exe,   17.44, ,   0.00, ,   807,   799,     8
7150067.exe,   17.27, ,   0.00, ,   789,   785,     4
7190933.exe,   10.96, ,   0.00, ,   544,   540,     4
7190933.exe,   10.88, ,   0.00, ,   539,   539,     0
7190933.exe,   11.27, ,   0.00, ,   526,   514,    12
7190933.exe,   10.86, ,   0.00, ,   547,   543,     4
7190933.exe,   11.12, ,   0.00, ,   531,   527,     4
7190933.exe,   11.16, ,   0.00, ,   518,   510,     8
7190933.exe,   10.95, ,   0.00, ,   549,   537,    12
7190933.exe,   11.15, ,   0.00, ,   521,   506,    16
7190933.exe,   11.03, ,   0.00, ,   529,   529,     0
7190933.exe,   11.15, ,   0.00, ,   522,   514,     8
7276958.exe,   62.65, ,   0.00, ,  2958,  2958,     0
7276958.exe,   62.58, ,   0.00, ,  2942,  2933,     8
7276958.exe,   62.52, ,   0.00, ,  2979,  2979,     0
7276958.exe,   62.25, ,   0.00, ,  2968,  2963,     4
7276958.exe,   62.52, ,   0.00, ,  2968,  2959,     8
7276958.exe,   63.12, ,   0.00, ,  2956,  2944,    12
7276958.exe,   62.87, ,   0.00, ,  2958,  2946,    12
7276958.exe,   62.36, ,   0.00, ,  2963,  2955,     8
7276958.exe,   62.30, ,   0.00, ,  2974,  2969,     4
7276958.exe,   62.27, ,   0.00, ,  2948,  2944,     4
7348208.exe,    7.82, ,   0.00, ,   375,   371,     4
7348208.exe,    7.68, ,   0.00, ,   379,   379,     0
7348208.exe,    7.70, ,   0.00, ,   387,   376,    12
7348208.exe,    7.70, ,   0.00, ,   375,   371,     4
7348208.exe,    7.69, ,   0.00, ,   376,   360,    16
7348208.exe,    7.78, ,   0.00, ,   379,   375,     4
7348208.exe,    7.76, ,   0.00, ,   370,   362,     8
7348208.exe,    7.68, ,   0.00, ,   385,   373,    12
7348208.exe,    7.58, ,   0.00, ,   392,   391,     0
7348208.exe,    7.65, ,   0.00, ,   378,   374,     4
7387979.exe,    2.91, ,   0.00, ,   171,   160,    11
7387979.exe,    2.83, ,   0.00, ,   173,   165,     7
7387979.exe,    2.88, ,   0.00, ,   181,   173,     8
7387979.exe,    2.98, ,   0.00, ,   162,   154,     8
7387979.exe,    2.83, ,   0.00, ,   178,   175,     4
7387979.exe,    2.81, ,   0.00, ,   182,   171,    11
7387979.exe,    2.94, ,   0.00, ,   162,   158,     4
7387979.exe,    2.86, ,   0.00, ,   173,   161,    12
7387979.exe,    2.84, ,   0.00, ,   173,   165,     8
7387979.exe,    2.87, ,   0.00, ,   172,   168,     4
7528688.exe,    7.71, ,   0.00, ,   370,   358,    12
7528688.exe,    7.47, ,   0.00, ,   391,   383,     8
7528688.exe,    7.77, ,   0.00, ,   362,   350,    12
7528688.exe,    7.43, ,   0.00, ,   391,   383,     8
7528688.exe,    7.37, ,   0.00, ,   400,   400,     0
7528688.exe,    7.63, ,   0.00, ,   383,   371,    12
7528688.exe,    7.41, ,   0.00, ,   400,   392,     8
7528688.exe,    7.76, ,   0.00, ,   366,   362,     4
7528688.exe,    7.52, ,   0.00, ,   391,   391,     0
7528688.exe,    7.45, ,   0.00, ,   400,   392,     8
7689283.exe,    7.07, ,   0.00, ,   378,   363,    16
7689283.exe,    6.94, ,   0.00, ,   390,   390,     0
7689283.exe,    7.09, ,   0.00, ,   372,   365,     8
7689283.exe,    7.08, ,   0.00, ,   373,   365,     8
7689283.exe,    6.98, ,   0.00, ,   390,   382,     8
7689283.exe,    6.94, ,   0.00, ,   389,   377,    12
7689283.exe,    7.07, ,   0.00, ,   382,   382,     0
7689283.exe,    6.93, ,   0.00, ,   390,   382,     8
7689283.exe,    7.10, ,   0.00, ,   373,   365,     8
7689283.exe,    6.98, ,   0.00, ,   372,   357,    15
7708071.exe,    2.18, ,   0.00, ,   127,   116,    11
7708071.exe,    2.18, ,   0.00, ,   131,   119,    11
7708071.exe,    2.18, ,   0.00, ,   130,   111,    19
7708071.exe,    2.19, ,   0.00, ,   122,   122,     0
7708071.exe,    2.20, ,   0.00, ,   129,   125,     4
7708071.exe,    2.19, ,   0.00, ,   129,   122,     7
7708071.exe,    2.21, ,   0.00, ,   124,   120,     4
7708071.exe,    2.24, ,   0.00, ,   121,   117,     3
7708071.exe,    2.22, ,   0.00, ,   131,   123,     8
7708071.exe,    2.28, ,   0.00, ,   121,   109,    11
7715728.exe,    4.63, ,   0.00, ,   252,   231,    20
7715728.exe,    4.79, ,   0.00, ,   243,   214,    29
7715728.exe,    4.54, ,   0.00, ,   263,   226,    36
7715728.exe,    4.61, ,   0.00, ,   259,   219,    40
7715728.exe,    4.60, ,   0.00, ,   259,   219,    40
7715728.exe,    4.68, ,   0.00, ,   252,   211,    40
7715728.exe,    4.59, ,   0.00, ,   259,   203,    56
7715728.exe,    4.53, ,   0.00, ,   264,   208,    56
7715728.exe,    4.79, ,   0.00, ,   239,   191,    48
7715728.exe,    4.69, ,   0.00, ,   246,   190,    55
7829045.exe,   31.32, ,   0.00, ,  1404,  1399,     4
7829045.exe,   31.15, ,   0.00, ,  1411,  1394,    16
7829045.exe,   31.29, ,   0.00, ,  1402,  1394,     8
7829045.exe,   30.99, ,   0.00, ,  1416,  1407,     8
7829045.exe,   31.53, ,   0.00, ,  1412,  1395,    16
7829045.exe,   31.26, ,   0.00, ,  1415,  1410,     4
7829045.exe,   31.20, ,   0.00, ,  1398,  1390,     8
7829045.exe,   31.17, ,   0.00, ,  1402,  1390,    12
7829045.exe,   31.10, ,   0.00, ,  1411,  1399,    12
7829045.exe,   30.94, ,   0.00, ,  1422,  1423,     0
8005036.exe,    7.38, ,   0.00, ,   393,   393,     0
8005036.exe,    7.56, ,   0.00, ,   386,   382,     4
8005036.exe,    7.31, ,   0.00, ,   397,   385,    12
8005036.exe,    7.34, ,   0.00, ,   395,   383,    12
8005036.exe,    7.49, ,   0.00, ,   381,   381,     0
8005036.exe,    7.62, ,   0.00, ,   374,   369,     4
8005036.exe,    7.40, ,   0.00, ,   386,   374,    11
8005036.exe,    7.38, ,   0.00, ,   394,   382,    12
8005036.exe,    7.34, ,   0.00, ,   399,   387,    12
8005036.exe,    7.29, ,   0.00, ,   398,   390,     8
8349555.exe,   66.56, ,   0.00, ,  3349,  3341,     8
8349555.exe,   66.86, ,   0.00, ,  3313,  3301,    12
8349555.exe,   66.59, ,   0.00, ,  3315,  3298,    16
8349555.exe,   66.48, ,   0.00, ,  3342,  3334,     8
8349555.exe,   66.40, ,   0.00, ,  3326,  3314,    12
8349555.exe,   66.76, ,   0.00, ,  3321,  3316,     4
8349555.exe,   66.71, ,   0.00, ,  3332,  3328,     4
8349555.exe,   66.81, ,   0.00, ,  3318,  3310,     8
8349555.exe,   66.65, ,   0.00, ,  3330,  3318,    12
8349555.exe,   67.07, ,   0.00, ,  3323,  3311,    12
845774.exe,   28.42, ,   0.00, ,  1284,  1276,     8
845774.exe,   28.49, ,   0.00, ,  1288,  1280,     8
845774.exe,   28.78, ,   0.00, ,  1275,  1271,     4
845774.exe,   28.83, ,   0.00, ,  1275,  1271,     4
845774.exe,   28.73, ,   0.00, ,  1286,  1277,     8
845774.exe,   29.22, ,   0.00, ,  1268,  1264,     4
845774.exe,   28.41, ,   0.00, ,  1291,  1282,     8
845774.exe,   28.71, ,   0.00, ,  1284,  1276,     8
845774.exe,   28.81, ,   0.00, ,  1277,  1269,     8
845774.exe,   28.29, ,   0.00, ,  1302,  1294,     8
908305.exe,    4.72, ,   0.00, ,   246,   234,    12
908305.exe,    4.52, ,   0.00, ,   272,   268,     4
908305.exe,    4.88, ,   0.00, ,   236,   232,     4
908305.exe,    4.82, ,   0.00, ,   240,   236,     4
908305.exe,    4.74, ,   0.00, ,   248,   236,    12
908305.exe,    4.66, ,   0.00, ,   257,   245,    11
908305.exe,    4.71, ,   0.00, ,   249,   242,     8
908305.exe,    4.55, ,   0.00, ,   263,   263,     0
908305.exe,    4.74, ,   0.00, ,   249,   244,     4
908305.exe,    4.77, ,   0.00, ,   244,   236,     7
