1056877.exe,    9.03, ,   0.26, ,   721
1056877.exe,    8.89, ,   0.24, ,   701
1056877.exe,    8.85, ,   0.24, ,   701
1056877.exe,    8.85, ,   0.25, ,   698
1056877.exe,    8.86, ,   0.25, ,   698
1056877.exe,    8.82, ,   0.24, ,   699
1056877.exe,    8.82, ,   0.24, ,   698
1056877.exe,    8.73, ,   0.25, ,   697
1056877.exe,    8.74, ,   0.23, ,   696
1056877.exe,    8.73, ,   0.24, ,   695
1110958.exe,    3.50, ,   0.11, ,   288
1110958.exe,    3.48, ,   0.11, ,   289
1110958.exe,    3.51, ,   0.11, ,   289
1110958.exe,    3.55, ,   0.11, ,   288
1110958.exe,    3.54, ,   0.11, ,   287
1110958.exe,    3.55, ,   0.11, ,   288
1110958.exe,    3.50, ,   0.11, ,   286
1110958.exe,    3.49, ,   0.11, ,   286
1110958.exe,    3.51, ,   0.11, ,   285
1110958.exe,    3.72, ,   0.12, ,   288
1313602.exe,    3.58, ,   0.11, ,   288
1313602.exe,    3.53, ,   0.11, ,   288
1313602.exe,    3.51, ,   0.11, ,   288
1313602.exe,    3.53, ,   0.11, ,   286
1313602.exe,    3.52, ,   0.11, ,   288
1313602.exe,    3.54, ,   0.11, ,   285
1313602.exe,    3.51, ,   0.11, ,   288
1313602.exe,    3.57, ,   0.11, ,   289
1313602.exe,    3.57, ,   0.11, ,   289
1313602.exe,    3.54, ,   0.11, ,   288
1333327.exe,    3.44, ,   0.11, ,   286
1333327.exe,    3.49, ,   0.11, ,   285
1333327.exe,    3.52, ,   0.11, ,   285
1333327.exe,    3.52, ,   0.11, ,   287
1333327.exe,    3.53, ,   0.11, ,   285
1333327.exe,    3.50, ,   0.11, ,   283
1333327.exe,    3.53, ,   0.11, ,   286
1333327.exe,    3.52, ,   0.11, ,   285
1333327.exe,    3.51, ,   0.11, ,   285
1333327.exe,    3.53, ,   0.11, ,   286
1383313.exe,    7.85, ,   0.22, ,   606
1383313.exe,    7.82, ,   0.22, ,   604
1383313.exe,    7.86, ,   0.22, ,   604
1383313.exe,    7.80, ,   0.21, ,   602
1383313.exe,    7.81, ,   0.22, ,   603
1383313.exe,    7.90, ,   0.20, ,   604
1383313.exe,    7.87, ,   0.22, ,   608
1383313.exe,    7.76, ,   0.22, ,   625
1383313.exe,    7.88, ,   0.22, ,   606
1383313.exe,    7.87, ,   0.22, ,   606
1524420.exe,    8.33, ,   0.26, ,   651
1524420.exe,    8.41, ,   0.26, ,   657
1524420.exe,    8.33, ,   0.26, ,   653
1524420.exe,    8.31, ,   0.24, ,   651
1524420.exe,    8.33, ,   0.26, ,   652
1524420.exe,    8.28, ,   0.26, ,   649
1524420.exe,    8.37, ,   0.26, ,   657
1524420.exe,    8.31, ,   0.24, ,   649
1524420.exe,    8.39, ,   0.26, ,   653
1524420.exe,    8.35, ,   0.26, ,   651
1576250.exe,    7.94, ,   0.22, ,   613
1576250.exe,    7.92, ,   0.22, ,   609
1576250.exe,    7.85, ,   0.22, ,   610
1576250.exe,    7.98, ,   0.22, ,   620
1576250.exe,    7.86, ,   0.22, ,   610
1576250.exe,    7.94, ,   0.22, ,   614
1576250.exe,    7.91, ,   0.22, ,   610
1576250.exe,    7.88, ,   0.22, ,   609
1576250.exe,    7.86, ,   0.22, ,   609
1576250.exe,    7.75, ,   0.22, ,   607
1899156.exe,    3.89, ,   0.16, ,   321
1899156.exe,    3.90, ,   0.16, ,   320
1899156.exe,    3.90, ,   0.16, ,   321
1899156.exe,    3.91, ,   0.16, ,   320
1899156.exe,    3.91, ,   0.16, ,   321
1899156.exe,    3.91, ,   0.16, ,   320
1899156.exe,    3.92, ,   0.16, ,   321
1899156.exe,    3.95, ,   0.16, ,   322
1899156.exe,    3.91, ,   0.17, ,   320
1899156.exe,    3.92, ,   0.16, ,   324
2080168.exe,    8.25, ,   0.26, ,   650
2080168.exe,    8.25, ,   0.26, ,   649
2080168.exe,    8.30, ,   0.26, ,   650
2080168.exe,    8.18, ,   0.24, ,   648
2080168.exe,    8.16, ,   0.25, ,   651
2080168.exe,    8.22, ,   0.24, ,   649
2080168.exe,    8.25, ,   0.25, ,   650
2080168.exe,    8.21, ,   0.25, ,   649
2080168.exe,    8.26, ,   0.26, ,   648
2080168.exe,    8.27, ,   0.26, ,   653
2083684.exe,    7.71, ,   0.22, ,   602
2083684.exe,    7.78, ,   0.22, ,   608
2083684.exe,    7.77, ,   0.22, ,   604
2083684.exe,    7.76, ,   0.22, ,   603
2083684.exe,    7.74, ,   0.22, ,   603
2083684.exe,    7.77, ,   0.22, ,   603
2083684.exe,    7.73, ,   0.22, ,   603
2083684.exe,    7.85, ,   0.22, ,   605
2083684.exe,    7.79, ,   0.22, ,   603
2083684.exe,    7.77, ,   0.22, ,   601
2098233.exe,    3.91, ,   0.16, ,   321
2098233.exe,    3.93, ,   0.16, ,   322
2098233.exe,    3.97, ,   0.17, ,   321
2098233.exe,    3.93, ,   0.16, ,   322
2098233.exe,    3.95, ,   0.16, ,   322
2098233.exe,    3.91, ,   0.16, ,   321
2098233.exe,    3.94, ,   0.16, ,   321
2098233.exe,    3.89, ,   0.17, ,   322
2098233.exe,    3.90, ,   0.16, ,   322
2098233.exe,    3.90, ,   0.17, ,   320
2126664.exe,    5.01, ,   0.22, ,   418
2126664.exe,    5.02, ,   0.22, ,   418
2126664.exe,    4.98, ,   0.22, ,   418
2126664.exe,    4.92, ,   0.22, ,   418
2126664.exe,    5.00, ,   0.22, ,   419
2126664.exe,    5.03, ,   0.22, ,   423
2126664.exe,    4.98, ,   0.22, ,   418
2126664.exe,    5.00, ,   0.22, ,   417
2126664.exe,    4.97, ,   0.22, ,   419
2126664.exe,    4.96, ,   0.22, ,   418
2134751.exe,    5.07, ,   0.22, ,   423
2134751.exe,    5.10, ,   0.22, ,   425
2134751.exe,    5.06, ,   0.22, ,   422
2134751.exe,    5.06, ,   0.22, ,   423
2134751.exe,    5.11, ,   0.22, ,   424
2134751.exe,    5.11, ,   0.22, ,   424
2134751.exe,    5.11, ,   0.22, ,   424
2134751.exe,    5.09, ,   0.22, ,   424
2134751.exe,    5.09, ,   0.22, ,   424
2134751.exe,    5.14, ,   0.22, ,   426
2162489.exe,    4.24, ,   0.17, ,   350
2162489.exe,    4.25, ,   0.17, ,   352
2162489.exe,    4.30, ,   0.17, ,   350
2162489.exe,    4.28, ,   0.17, ,   350
2162489.exe,    4.27, ,   0.17, ,   352
2162489.exe,    4.31, ,   0.17, ,   354
2162489.exe,    4.23, ,   0.17, ,   351
2162489.exe,    4.19, ,   0.17, ,   349
2162489.exe,    4.20, ,   0.17, ,   350
2162489.exe,    4.23, ,   0.17, ,   350
2190864.exe,    8.11, ,   0.22, ,   629
2190864.exe,    8.12, ,   0.22, ,   630
2190864.exe,    8.11, ,   0.22, ,   631
2190864.exe,    8.17, ,   0.22, ,   631
2190864.exe,    8.17, ,   0.22, ,   632
2190864.exe,    8.07, ,   0.22, ,   631
2190864.exe,    8.06, ,   0.22, ,   631
2190864.exe,    8.06, ,   0.22, ,   628
2190864.exe,    8.10, ,   0.22, ,   630
2190864.exe,    8.04, ,   0.22, ,   630
2237372.exe,    7.78, ,   0.22, ,   600
2237372.exe,    7.80, ,   0.22, ,   601
2237372.exe,    7.76, ,   0.21, ,   600
2237372.exe,    7.78, ,   0.22, ,   603
2237372.exe,    7.79, ,   0.22, ,   601
2237372.exe,    7.84, ,   0.22, ,   602
2237372.exe,    7.79, ,   0.22, ,   602
2237372.exe,    7.76, ,   0.22, ,   601
2237372.exe,    7.76, ,   0.22, ,   601
2237372.exe,    7.84, ,   0.22, ,   601
238280.exe,    3.66, ,   0.12, ,   296
238280.exe,    3.60, ,   0.11, ,   294
238280.exe,    3.59, ,   0.11, ,   294
238280.exe,    3.62, ,   0.11, ,   293
238280.exe,    3.58, ,   0.11, ,   294
238280.exe,    3.63, ,   0.11, ,   295
238280.exe,    3.64, ,   0.11, ,   296
238280.exe,    3.59, ,   0.11, ,   294
238280.exe,    3.63, ,   0.11, ,   294
238280.exe,    3.64, ,   0.11, ,   293
2406283.exe,    4.60, ,   0.17, ,   384
2406283.exe,    4.58, ,   0.17, ,   383
2406283.exe,    4.61, ,   0.17, ,   385
2406283.exe,    4.61, ,   0.17, ,   384
2406283.exe,    4.58, ,   0.17, ,   382
2406283.exe,    4.52, ,   0.18, ,   395
2406283.exe,    4.60, ,   0.17, ,   383
2406283.exe,    4.56, ,   0.17, ,   384
2406283.exe,    4.56, ,   0.18, ,   384
2406283.exe,    4.55, ,   0.18, ,   386
2434772.exe,    3.85, ,   0.16, ,   319
2434772.exe,    3.86, ,   0.16, ,   317
2434772.exe,    3.84, ,   0.16, ,   320
2434772.exe,    3.86, ,   0.16, ,   317
2434772.exe,    3.89, ,   0.16, ,   320
2434772.exe,    3.90, ,   0.16, ,   319
2434772.exe,    3.88, ,   0.16, ,   319
2434772.exe,    3.88, ,   0.16, ,   318
2434772.exe,    3.86, ,   0.16, ,   318
2434772.exe,    3.85, ,   0.16, ,   317
2551095.exe,    7.72, ,   0.22, ,   604
2551095.exe,    7.71, ,   0.22, ,   605
2551095.exe,    7.75, ,   0.21, ,   602
2551095.exe,    7.88, ,   0.22, ,   606
2551095.exe,    7.86, ,   0.22, ,   607
2551095.exe,    7.85, ,   0.22, ,   608
2551095.exe,    7.87, ,   0.22, ,   605
2551095.exe,    7.83, ,   0.21, ,   602
2551095.exe,    7.78, ,   0.21, ,   604
2551095.exe,    7.82, ,   0.22, ,   605
2596867.exe,    3.57, ,   0.11, ,   288
2596867.exe,    3.54, ,   0.11, ,   287
2596867.exe,    3.56, ,   0.11, ,   287
2596867.exe,    3.53, ,   0.11, ,   286
2596867.exe,    3.56, ,   0.11, ,   287
2596867.exe,    3.51, ,   0.11, ,   287
2596867.exe,    3.51, ,   0.11, ,   286
2596867.exe,    3.53, ,   0.11, ,   286
2596867.exe,    3.54, ,   0.11, ,   289
2596867.exe,    3.54, ,   0.11, ,   288
2629074.exe,    7.74, ,   0.22, ,   602
2629074.exe,    7.80, ,   0.22, ,   601
2629074.exe,    7.75, ,   0.22, ,   598
2629074.exe,    7.74, ,   0.21, ,   597
2629074.exe,    7.74, ,   0.22, ,   595
2629074.exe,    7.77, ,   0.21, ,   596
2629074.exe,    7.79, ,   0.22, ,   599
2629074.exe,    7.76, ,   0.22, ,   598
2629074.exe,    7.76, ,   0.21, ,   600
2629074.exe,    7.81, ,   0.22, ,   601
2685390.exe,    4.02, ,   0.17, ,   329
2685390.exe,    4.06, ,   0.17, ,   331
2685390.exe,    4.02, ,   0.17, ,   329
2685390.exe,    4.03, ,   0.17, ,   329
2685390.exe,    4.05, ,   0.16, ,   328
2685390.exe,    4.02, ,   0.16, ,   329
2685390.exe,    4.02, ,   0.17, ,   329
2685390.exe,    4.05, ,   0.17, ,   330
2685390.exe,    4.02, ,   0.16, ,   329
2685390.exe,    4.01, ,   0.16, ,   328
2947180.exe,    3.62, ,   0.11, ,   295
2947180.exe,    3.63, ,   0.11, ,   295
2947180.exe,    3.64, ,   0.11, ,   295
2947180.exe,    3.67, ,   0.11, ,   295
2947180.exe,    3.67, ,   0.11, ,   293
2947180.exe,    3.68, ,   0.11, ,   294
2947180.exe,    3.74, ,   0.12, ,   296
2947180.exe,    3.66, ,   0.11, ,   293
2947180.exe,    3.67, ,   0.11, ,   293
2947180.exe,    3.68, ,   0.11, ,   292
2947894.exe,    3.63, ,   0.11, ,   292
2947894.exe,    3.64, ,   0.11, ,   289
2947894.exe,    3.64, ,   0.11, ,   290
2947894.exe,    3.63, ,   0.11, ,   289
2947894.exe,    3.65, ,   0.11, ,   289
2947894.exe,    3.61, ,   0.11, ,   291
2947894.exe,    3.65, ,   0.11, ,   291
2947894.exe,    3.62, ,   0.11, ,   288
2947894.exe,    3.62, ,   0.11, ,   290
2947894.exe,    3.59, ,   0.11, ,   291
2960949.exe,    3.65, ,   0.11, ,   297
2960949.exe,    3.65, ,   0.11, ,   294
2960949.exe,    3.64, ,   0.11, ,   296
2960949.exe,    3.59, ,   0.11, ,   294
2960949.exe,    3.62, ,   0.11, ,   295
2960949.exe,    3.66, ,   0.12, ,   296
2960949.exe,    3.67, ,   0.11, ,   296
2960949.exe,    3.67, ,   0.11, ,   295
2960949.exe,    3.62, ,   0.11, ,   295
2960949.exe,    3.71, ,   0.11, ,   296
3086125.exe,    9.94, ,   0.49, ,   927
3086125.exe,    9.91, ,   0.48, ,   927
3086125.exe,    9.98, ,   0.48, ,   930
3086125.exe,   10.54, ,   0.52, ,   942
3086125.exe,    9.88, ,   0.48, ,   927
3086125.exe,    9.98, ,   0.49, ,   929
3086125.exe,    9.98, ,   0.49, ,   929
3086125.exe,   10.22, ,   0.50, ,   931
3086125.exe,   10.74, ,   0.59, ,   979
3086125.exe,   12.26, ,   0.82, ,  1089
3128348.exe,    8.91, ,   0.39, ,   665
3128348.exe,    8.94, ,   0.38, ,   668
3128348.exe,    8.69, ,   0.34, ,   651
3128348.exe,    8.58, ,   0.33, ,   646
3128348.exe,    8.43, ,   0.30, ,   638
3128348.exe,    8.42, ,   0.29, ,   634
3128348.exe,    8.38, ,   0.28, ,   634
3128348.exe,    8.21, ,   0.27, ,   624
3128348.exe,    8.17, ,   0.25, ,   623
3128348.exe,    8.05, ,   0.24, ,   614
3569069.exe,   11.89, ,   0.59, ,  1031
3569069.exe,   11.91, ,   0.60, ,  1033
3569069.exe,   11.83, ,   0.59, ,  1028
3569069.exe,   11.84, ,   0.59, ,  1030
3569069.exe,   11.89, ,   0.59, ,  1032
3569069.exe,   11.86, ,   0.60, ,  1029
3569069.exe,   11.91, ,   0.61, ,  1032
3569069.exe,   11.89, ,   0.59, ,  1031
3569069.exe,   11.87, ,   0.59, ,  1029
3569069.exe,   11.84, ,   0.60, ,  1030
378160.exe,    8.30, ,   0.27, ,   652
378160.exe,    8.26, ,   0.26, ,   649
378160.exe,    8.28, ,   0.25, ,   647
378160.exe,    8.26, ,   0.25, ,   648
378160.exe,    8.22, ,   0.26, ,   648
378160.exe,    8.28, ,   0.26, ,   647
378160.exe,    8.51, ,   0.26, ,   653
378160.exe,    8.21, ,   0.24, ,   645
378160.exe,    8.32, ,   0.27, ,   651
378160.exe,    8.26, ,   0.26, ,   650
3974425.exe,    3.93, ,   0.16, ,   325
3974425.exe,    3.90, ,   0.16, ,   327
3974425.exe,    3.95, ,   0.17, ,   323
3974425.exe,    3.99, ,   0.17, ,   324
3974425.exe,    3.96, ,   0.16, ,   322
3974425.exe,    3.91, ,   0.16, ,   322
3974425.exe,    3.95, ,   0.16, ,   323
3974425.exe,    3.96, ,   0.16, ,   322
3974425.exe,    3.96, ,   0.16, ,   323
3974425.exe,    3.95, ,   0.16, ,   322
3982997.exe,    3.49, ,   0.12, ,   318
3982997.exe,    3.60, ,   0.11, ,   292
3982997.exe,    3.71, ,   0.12, ,   295
3982997.exe,    3.62, ,   0.11, ,   292
3982997.exe,    3.62, ,   0.11, ,   294
3982997.exe,    3.61, ,   0.11, ,   294
3982997.exe,    3.66, ,   0.11, ,   300
3982997.exe,    3.56, ,   0.11, ,   292
3982997.exe,    3.60, ,   0.11, ,   292
3982997.exe,    3.57, ,   0.11, ,   291
3993006.exe,    7.80, ,   0.22, ,   607
3993006.exe,    7.83, ,   0.21, ,   605
3993006.exe,    7.86, ,   0.22, ,   606
3993006.exe,    7.90, ,   0.22, ,   610
3993006.exe,    7.79, ,   0.22, ,   604
3993006.exe,    7.84, ,   0.22, ,   608
3993006.exe,    7.86, ,   0.22, ,   609
3993006.exe,    7.80, ,   0.22, ,   609
3993006.exe,    7.86, ,   0.22, ,   605
3993006.exe,    7.87, ,   0.22, ,   605
4053780.exe,    3.58, ,   0.11, ,   289
4053780.exe,    3.58, ,   0.11, ,   290
4053780.exe,    3.61, ,   0.11, ,   291
4053780.exe,    3.57, ,   0.11, ,   291
4053780.exe,    3.49, ,   0.12, ,   301
4053780.exe,    3.58, ,   0.11, ,   289
4053780.exe,    3.60, ,   0.11, ,   290
4053780.exe,    3.62, ,   0.11, ,   290
4053780.exe,    3.59, ,   0.11, ,   289
4053780.exe,    3.57, ,   0.11, ,   290
4313052.exe,    3.89, ,   0.16, ,   319
4313052.exe,    3.89, ,   0.16, ,   319
4313052.exe,    3.91, ,   0.16, ,   321
4313052.exe,    3.90, ,   0.16, ,   320
4313052.exe,    3.93, ,   0.16, ,   320
4313052.exe,    4.00, ,   0.16, ,   325
4313052.exe,    3.93, ,   0.16, ,   319
4313052.exe,    3.93, ,   0.16, ,   318
4313052.exe,    3.93, ,   0.16, ,   319
4313052.exe,    3.89, ,   0.16, ,   320
4619197.exe,    7.72, ,   0.20, ,   595
4619197.exe,    7.76, ,   0.19, ,   598
4619197.exe,    7.72, ,   0.20, ,   597
4619197.exe,    7.72, ,   0.21, ,   598
4619197.exe,    7.73, ,   0.21, ,   598
4619197.exe,    7.74, ,   0.22, ,   601
4619197.exe,    7.70, ,   0.20, ,   598
4619197.exe,    7.72, ,   0.21, ,   597
4619197.exe,    7.73, ,   0.21, ,   598
4619197.exe,    7.76, ,   0.21, ,   599
470433.exe,   13.68, ,   0.67, ,  1168
470433.exe,   13.66, ,   0.67, ,  1170
470433.exe,   14.15, ,   0.67, ,  1173
470433.exe,   13.73, ,   0.68, ,  1172
470433.exe,   13.65, ,   0.67, ,  1165
470433.exe,   13.68, ,   0.68, ,  1166
470433.exe,   13.60, ,   0.68, ,  1170
470433.exe,   13.64, ,   0.67, ,  1170
470433.exe,   13.48, ,   0.66, ,  1166
470433.exe,   13.49, ,   0.68, ,  1171
4772895.exe,    8.32, ,   0.23, ,   653
4772895.exe,    8.31, ,   0.23, ,   652
4772895.exe,    8.44, ,   0.25, ,   660
4772895.exe,    8.30, ,   0.23, ,   653
4772895.exe,    8.34, ,   0.23, ,   653
4772895.exe,    8.32, ,   0.23, ,   654
4772895.exe,    8.59, ,   0.24, ,   659
4772895.exe,    8.34, ,   0.24, ,   654
4772895.exe,    8.37, ,   0.23, ,   652
4772895.exe,    8.39, ,   0.23, ,   655
5140609.exe,    7.67, ,   0.20, ,   595
5140609.exe,    7.76, ,   0.22, ,   600
5140609.exe,    7.73, ,   0.21, ,   599
5140609.exe,    7.75, ,   0.22, ,   596
5140609.exe,    7.72, ,   0.21, ,   597
5140609.exe,    7.70, ,   0.21, ,   597
5140609.exe,    7.73, ,   0.22, ,   599
5140609.exe,    7.76, ,   0.22, ,   599
5140609.exe,    7.81, ,   0.20, ,   601
5140609.exe,    7.77, ,   0.21, ,   596
5162419.exe,    3.87, ,   0.11, ,   314
5162419.exe,    3.85, ,   0.11, ,   313
5162419.exe,    3.90, ,   0.12, ,   316
5162419.exe,    3.92, ,   0.13, ,   316
5162419.exe,    3.89, ,   0.11, ,   313
5162419.exe,    3.88, ,   0.13, ,   315
5162419.exe,    3.90, ,   0.14, ,   315
5162419.exe,    3.89, ,   0.12, ,   315
5162419.exe,    3.89, ,   0.12, ,   315
5162419.exe,    3.87, ,   0.11, ,   313
5381024.exe,    3.59, ,   0.11, ,   289
5381024.exe,    3.61, ,   0.11, ,   290
5381024.exe,    3.59, ,   0.11, ,   291
5381024.exe,    3.57, ,   0.11, ,   291
5381024.exe,    3.59, ,   0.11, ,   292
5381024.exe,    3.59, ,   0.11, ,   291
5381024.exe,    3.55, ,   0.11, ,   291
5381024.exe,    3.59, ,   0.11, ,   290
5381024.exe,    3.61, ,   0.11, ,   290
5381024.exe,    3.57, ,   0.11, ,   290
5745274.exe,    8.40, ,   0.22, ,   610
5745274.exe,    7.89, ,   0.23, ,   604
5745274.exe,    7.75, ,   0.21, ,   601
5745274.exe,    7.73, ,   0.21, ,   600
5745274.exe,    7.69, ,   0.22, ,   617
5745274.exe,    7.81, ,   0.21, ,   603
5745274.exe,    7.79, ,   0.22, ,   603
5745274.exe,    7.77, ,   0.22, ,   603
5745274.exe,    7.83, ,   0.22, ,   605
5745274.exe,    7.81, ,   0.22, ,   604
5989896.exe,    3.72, ,   0.11, ,   296
5989896.exe,    3.65, ,   0.11, ,   296
5989896.exe,    3.66, ,   0.11, ,   298
5989896.exe,    3.64, ,   0.11, ,   299
5989896.exe,    3.67, ,   0.11, ,   296
5989896.exe,    3.65, ,   0.11, ,   295
5989896.exe,    3.68, ,   0.11, ,   299
5989896.exe,    3.63, ,   0.11, ,   295
5989896.exe,    3.69, ,   0.11, ,   294
5989896.exe,    3.66, ,   0.11, ,   295
602592.exe,    8.17, ,   0.22, ,   645
602592.exe,    8.11, ,   0.22, ,   641
602592.exe,    8.17, ,   0.22, ,   638
602592.exe,    8.25, ,   0.22, ,   643
602592.exe,    8.27, ,   0.22, ,   648
602592.exe,    8.29, ,   0.22, ,   644
602592.exe,    8.29, ,   0.23, ,   644
602592.exe,    8.19, ,   0.23, ,   642
602592.exe,    8.12, ,   0.22, ,   637
602592.exe,    8.21, ,   0.22, ,   641
6059959.exe,    3.58, ,   0.11, ,   290
6059959.exe,    4.00, ,   0.11, ,   297
6059959.exe,    3.55, ,   0.11, ,   288
6059959.exe,    3.55, ,   0.11, ,   287
6059959.exe,    3.55, ,   0.11, ,   288
6059959.exe,    3.55, ,   0.11, ,   287
6059959.exe,    3.58, ,   0.11, ,   288
6059959.exe,    3.57, ,   0.11, ,   288
6059959.exe,    3.57, ,   0.11, ,   290
6059959.exe,    3.58, ,   0.11, ,   289
6196910.exe,    3.92, ,   0.17, ,   333
6196910.exe,    4.00, ,   0.17, ,   328
6196910.exe,    3.99, ,   0.17, ,   329
6196910.exe,    3.90, ,   0.18, ,   344
6196910.exe,    4.02, ,   0.17, ,   330
6196910.exe,    3.98, ,   0.17, ,   328
6196910.exe,    4.03, ,   0.17, ,   329
6196910.exe,    4.01, ,   0.17, ,   329
6196910.exe,    4.02, ,   0.17, ,   327
6196910.exe,    4.00, ,   0.17, ,   329
6268068.exe,    7.77, ,   0.21, ,   600
6268068.exe,    7.76, ,   0.21, ,   598
6268068.exe,    7.76, ,   0.21, ,   599
6268068.exe,    7.73, ,   0.21, ,   598
6268068.exe,    7.78, ,   0.22, ,   601
6268068.exe,    7.75, ,   0.22, ,   599
6268068.exe,    8.07, ,   0.22, ,   606
6268068.exe,    7.71, ,   0.22, ,   598
6268068.exe,    7.74, ,   0.22, ,   600
6268068.exe,    7.79, ,   0.22, ,   600
630946.exe,    3.51, ,   0.11, ,   286
630946.exe,    3.53, ,   0.11, ,   285
630946.exe,    3.51, ,   0.11, ,   285
630946.exe,    3.52, ,   0.11, ,   286
630946.exe,    3.55, ,   0.11, ,   287
630946.exe,    3.50, ,   0.11, ,   286
630946.exe,    3.50, ,   0.11, ,   287
630946.exe,    3.53, ,   0.11, ,   288
630946.exe,    3.50, ,   0.11, ,   288
630946.exe,    3.54, ,   0.11, ,   287
637097.exe,    8.29, ,   0.23, ,   647
637097.exe,    8.33, ,   0.23, ,   652
637097.exe,    8.32, ,   0.24, ,   646
637097.exe,    8.28, ,   0.23, ,   646
637097.exe,    8.13, ,   0.24, ,   658
637097.exe,    8.25, ,   0.23, ,   647
637097.exe,    8.25, ,   0.23, ,   645
637097.exe,    8.35, ,   0.23, ,   652
637097.exe,    8.35, ,   0.24, ,   649
637097.exe,    8.22, ,   0.23, ,   642
6379333.exe,    3.51, ,   0.11, ,   292
6379333.exe,    3.57, ,   0.11, ,   292
6379333.exe,    3.51, ,   0.11, ,   290
6379333.exe,    3.59, ,   0.11, ,   293
6379333.exe,    3.55, ,   0.11, ,   292
6379333.exe,    3.56, ,   0.11, ,   290
6379333.exe,    3.57, ,   0.11, ,   293
6379333.exe,    3.55, ,   0.11, ,   291
6379333.exe,    3.61, ,   0.11, ,   292
6379333.exe,    3.60, ,   0.11, ,   290
6437364.exe,    3.50, ,   0.11, ,   285
6437364.exe,    3.52, ,   0.11, ,   285
6437364.exe,    3.49, ,   0.11, ,   285
6437364.exe,    3.54, ,   0.11, ,   285
6437364.exe,    3.97, ,   0.11, ,   290
6437364.exe,    3.52, ,   0.11, ,   285
6437364.exe,    3.48, ,   0.11, ,   287
6437364.exe,    3.51, ,   0.11, ,   286
6437364.exe,    3.54, ,   0.11, ,   288
6437364.exe,    3.55, ,   0.11, ,   287
6581060.exe,    3.62, ,   0.11, ,   295
6581060.exe,    3.60, ,   0.11, ,   291
6581060.exe,    3.57, ,   0.11, ,   290
6581060.exe,    3.58, ,   0.11, ,   290
6581060.exe,    3.58, ,   0.11, ,   289
6581060.exe,    3.54, ,   0.11, ,   289
6581060.exe,    3.61, ,   0.11, ,   292
6581060.exe,    3.55, ,   0.11, ,   289
6581060.exe,    3.54, ,   0.11, ,   290
6581060.exe,    3.57, ,   0.11, ,   289
6629192.exe,    7.81, ,   0.22, ,   607
6629192.exe,    7.80, ,   0.22, ,   603
6629192.exe,    7.78, ,   0.22, ,   608
6629192.exe,    7.79, ,   0.21, ,   606
6629192.exe,    7.87, ,   0.22, ,   607
6629192.exe,    7.81, ,   0.22, ,   602
6629192.exe,    7.75, ,   0.21, ,   603
6629192.exe,    7.82, ,   0.22, ,   607
6629192.exe,    7.75, ,   0.21, ,   603
6629192.exe,    7.80, ,   0.22, ,   606
6669955.exe,    3.92, ,   0.16, ,   323
6669955.exe,    3.92, ,   0.16, ,   322
6669955.exe,    3.89, ,   0.16, ,   322
6669955.exe,    3.91, ,   0.16, ,   323
6669955.exe,    3.92, ,   0.16, ,   323
6669955.exe,    3.93, ,   0.16, ,   323
6669955.exe,    3.92, ,   0.16, ,   322
6669955.exe,    3.94, ,   0.16, ,   322
6669955.exe,    3.91, ,   0.16, ,   323
6669955.exe,    3.88, ,   0.16, ,   324
6788249.exe,    5.00, ,   0.16, ,   419
6788249.exe,    5.43, ,   0.16, ,   422
6788249.exe,    5.08, ,   0.16, ,   421
6788249.exe,    5.08, ,   0.16, ,   420
6788249.exe,    5.05, ,   0.16, ,   419
6788249.exe,    5.04, ,   0.16, ,   419
6788249.exe,    5.10, ,   0.16, ,   420
6788249.exe,    5.07, ,   0.16, ,   419
6788249.exe,    5.08, ,   0.16, ,   421
6788249.exe,    5.04, ,   0.16, ,   421
6808700.exe,    3.94, ,   0.16, ,   326
6808700.exe,    3.97, ,   0.16, ,   327
6808700.exe,    4.02, ,   0.16, ,   325
6808700.exe,    4.03, ,   0.16, ,   326
6808700.exe,    4.03, ,   0.16, ,   327
6808700.exe,    3.96, ,   0.16, ,   327
6808700.exe,    4.01, ,   0.16, ,   329
6808700.exe,    4.00, ,   0.16, ,   328
6808700.exe,    4.00, ,   0.16, ,   327
6808700.exe,    3.99, ,   0.16, ,   328
6846211.exe,    3.90, ,   0.16, ,   323
6846211.exe,    3.92, ,   0.16, ,   322
6846211.exe,    3.89, ,   0.16, ,   323
6846211.exe,    3.91, ,   0.16, ,   323
6846211.exe,    3.92, ,   0.16, ,   322
6846211.exe,    3.94, ,   0.16, ,   321
6846211.exe,    3.93, ,   0.17, ,   324
6846211.exe,    3.97, ,   0.16, ,   323
6846211.exe,    4.09, ,   0.16, ,   323
6846211.exe,    3.94, ,   0.16, ,   322
6850112.exe,    3.50, ,   0.11, ,   289
6850112.exe,    3.48, ,   0.11, ,   287
6850112.exe,    3.51, ,   0.11, ,   286
6850112.exe,    3.53, ,   0.11, ,   285
6850112.exe,    3.55, ,   0.11, ,   286
6850112.exe,    3.50, ,   0.11, ,   285
6850112.exe,    3.53, ,   0.11, ,   286
6850112.exe,    3.54, ,   0.11, ,   285
6850112.exe,    3.51, ,   0.11, ,   286
6850112.exe,    3.52, ,   0.11, ,   286
6941529.exe,    7.72, ,   0.22, ,   597
6941529.exe,    7.72, ,   0.21, ,   596
6941529.exe,    7.69, ,   0.21, ,   597
6941529.exe,    7.71, ,   0.21, ,   597
6941529.exe,    7.81, ,   0.23, ,   597
6941529.exe,    7.75, ,   0.22, ,   597
6941529.exe,    7.77, ,   0.21, ,   604
6941529.exe,    7.69, ,   0.21, ,   596
6941529.exe,    7.69, ,   0.19, ,   596
6941529.exe,    7.69, ,   0.20, ,   599
6978096.exe,    3.56, ,   0.11, ,   287
6978096.exe,    3.51, ,   0.11, ,   286
6978096.exe,    3.47, ,   0.11, ,   286
6978096.exe,    3.50, ,   0.11, ,   287
6978096.exe,    3.47, ,   0.11, ,   285
6978096.exe,    3.48, ,   0.11, ,   286
6978096.exe,    3.47, ,   0.11, ,   289
6978096.exe,    3.51, ,   0.11, ,   290
6978096.exe,    3.47, ,   0.11, ,   289
6978096.exe,    3.55, ,   0.11, ,   290
7110392.exe,    3.58, ,   0.12, ,   301
7110392.exe,    3.61, ,   0.11, ,   294
7110392.exe,    3.62, ,   0.11, ,   296
7110392.exe,    3.57, ,   0.11, ,   294
7110392.exe,    3.61, ,   0.12, ,   299
7110392.exe,    3.57, ,   0.11, ,   299
7110392.exe,    4.09, ,   0.14, ,   304
7110392.exe,    3.60, ,   0.11, ,   300
7110392.exe,    3.60, ,   0.11, ,   298
7110392.exe,    3.63, ,   0.11, ,   299
7147241.exe,    3.66, ,   0.12, ,   306
7147241.exe,    3.61, ,   0.11, ,   305
7147241.exe,    3.65, ,   0.11, ,   303
7147241.exe,    3.68, ,   0.11, ,   301
7147241.exe,    3.61, ,   0.11, ,   304
7147241.exe,    3.64, ,   0.11, ,   305
7147241.exe,    3.67, ,   0.11, ,   302
7147241.exe,    3.65, ,   0.11, ,   301
7147241.exe,    3.60, ,   0.11, ,   304
7147241.exe,    3.63, ,   0.11, ,   303
7171152.exe,    3.44, ,   0.11, ,   283
7171152.exe,    3.45, ,   0.11, ,   286
7171152.exe,    3.42, ,   0.11, ,   284
7171152.exe,    3.43, ,   0.11, ,   285
7171152.exe,    3.44, ,   0.11, ,   284
7171152.exe,    3.42, ,   0.11, ,   283
7171152.exe,    3.41, ,   0.11, ,   287
7171152.exe,    3.36, ,   0.11, ,   286
7171152.exe,    3.49, ,   0.11, ,   288
7171152.exe,    3.39, ,   0.11, ,   287
7246995.exe,    3.51, ,   0.11, ,   291
7246995.exe,    3.49, ,   0.11, ,   289
7246995.exe,    3.45, ,   0.11, ,   290
7246995.exe,    3.44, ,   0.11, ,   292
7246995.exe,    3.51, ,   0.11, ,   292
7246995.exe,    3.51, ,   0.11, ,   290
7246995.exe,    3.47, ,   0.11, ,   292
7246995.exe,    3.49, ,   0.11, ,   292
7246995.exe,    3.47, ,   0.11, ,   290
7246995.exe,    3.47, ,   0.11, ,   292
7277441.exe,    3.57, ,   0.11, ,   294
7277441.exe,    3.56, ,   0.11, ,   296
7277441.exe,    3.55, ,   0.11, ,   294
7277441.exe,    3.50, ,   0.11, ,   295
7277441.exe,    3.56, ,   0.11, ,   296
7277441.exe,    3.52, ,   0.11, ,   295
7277441.exe,    3.53, ,   0.11, ,   294
7277441.exe,    3.53, ,   0.11, ,   294
7277441.exe,    3.51, ,   0.11, ,   293
7277441.exe,    3.56, ,   0.11, ,   293
7371342.exe,    7.79, ,   0.22, ,   615
7371342.exe,    7.67, ,   0.22, ,   608
7371342.exe,    7.73, ,   0.22, ,   607
7371342.exe,    7.70, ,   0.21, ,   607
7371342.exe,    7.72, ,   0.22, ,   609
7371342.exe,    7.77, ,   0.22, ,   609
7371342.exe,    7.75, ,   0.22, ,   605
7371342.exe,    7.79, ,   0.22, ,   608
7371342.exe,    7.75, ,   0.22, ,   608
7371342.exe,    7.51, ,   0.22, ,   625
7393459.exe,    4.58, ,   0.22, ,   385
7393459.exe,    4.55, ,   0.22, ,   386
7393459.exe,    4.54, ,   0.22, ,   384
7393459.exe,    4.56, ,   0.22, ,   386
7393459.exe,    4.55, ,   0.22, ,   385
7393459.exe,    4.57, ,   0.22, ,   385
7393459.exe,    4.52, ,   0.22, ,   385
7393459.exe,    4.52, ,   0.22, ,   383
7393459.exe,    4.56, ,   0.22, ,   385
7393459.exe,    4.57, ,   0.22, ,   386
752441.exe,    8.24, ,   0.23, ,   649
752441.exe,    8.28, ,   0.23, ,   649
752441.exe,    8.28, ,   0.23, ,   644
752441.exe,    8.29, ,   0.23, ,   646
752441.exe,    8.28, ,   0.23, ,   648
752441.exe,    8.29, ,   0.23, ,   649
752441.exe,    8.28, ,   0.23, ,   648
752441.exe,    8.28, ,   0.23, ,   649
752441.exe,    8.26, ,   0.23, ,   649
752441.exe,    8.29, ,   0.23, ,   651
7584430.exe,    3.90, ,   0.12, ,   324
7584430.exe,    3.90, ,   0.12, ,   322
7584430.exe,    3.89, ,   0.12, ,   324
7584430.exe,    3.88, ,   0.12, ,   322
7584430.exe,    3.89, ,   0.12, ,   323
7584430.exe,    3.85, ,   0.11, ,   321
7584430.exe,    3.89, ,   0.12, ,   320
7584430.exe,    3.87, ,   0.11, ,   320
7584430.exe,    3.90, ,   0.12, ,   321
7584430.exe,    3.89, ,   0.12, ,   321
7789629.exe,    7.76, ,   0.22, ,   604
7789629.exe,    7.83, ,   0.22, ,   605
7789629.exe,    7.88, ,   0.22, ,   609
7789629.exe,    7.77, ,   0.22, ,   603
7789629.exe,    7.75, ,   0.22, ,   603
7789629.exe,    7.83, ,   0.21, ,   605
7789629.exe,    7.78, ,   0.22, ,   606
7789629.exe,    7.85, ,   0.22, ,   610
7789629.exe,    7.73, ,   0.22, ,   604
7789629.exe,    7.83, ,   0.22, ,   611
7850041.exe,    4.37, ,   0.16, ,   327
7850041.exe,    3.91, ,   0.16, ,   321
7850041.exe,    3.89, ,   0.17, ,   321
7850041.exe,    3.94, ,   0.17, ,   320
7850041.exe,    3.92, ,   0.16, ,   322
7850041.exe,    3.87, ,   0.16, ,   322
7850041.exe,    3.91, ,   0.17, ,   322
7850041.exe,    3.89, ,   0.17, ,   322
7850041.exe,    3.95, ,   0.17, ,   324
7850041.exe,    3.95, ,   0.16, ,   321
7923020.exe,    4.00, ,   0.16, ,   330
7923020.exe,    4.03, ,   0.16, ,   334
7923020.exe,    4.00, ,   0.16, ,   332
7923020.exe,    4.90, ,   0.18, ,   340
7923020.exe,    4.00, ,   0.16, ,   332
7923020.exe,    4.04, ,   0.16, ,   333
7923020.exe,    4.00, ,   0.16, ,   331
7923020.exe,    4.00, ,   0.16, ,   331
7923020.exe,    3.97, ,   0.16, ,   330
7923020.exe,    4.08, ,   0.16, ,   335
8075161.exe,    7.82, ,   0.22, ,   606
8075161.exe,    7.77, ,   0.21, ,   604
8075161.exe,    7.82, ,   0.22, ,   609
8075161.exe,    7.82, ,   0.22, ,   607
8075161.exe,    7.84, ,   0.22, ,   610
8075161.exe,    7.76, ,   0.22, ,   609
8075161.exe,    7.79, ,   0.22, ,   610
8075161.exe,    7.79, ,   0.22, ,   609
8075161.exe,    7.86, ,   0.22, ,   614
8075161.exe,    7.77, ,   0.22, ,   605
8134220.exe,    8.72, ,   0.26, ,   692
8134220.exe,    8.60, ,   0.24, ,   681
8134220.exe,    8.67, ,   0.25, ,   681
8134220.exe,    8.53, ,   0.25, ,   700
8134220.exe,    9.19, ,   0.23, ,   692
8134220.exe,    8.66, ,   0.24, ,   682
8134220.exe,    8.76, ,   0.24, ,   686
8134220.exe,    8.65, ,   0.23, ,   683
8134220.exe,    8.72, ,   0.24, ,   686
8134220.exe,    8.64, ,   0.23, ,   682
8171167.exe,    4.52, ,   0.16, ,   378
8171167.exe,    4.55, ,   0.17, ,   378
8171167.exe,    4.56, ,   0.17, ,   377
8171167.exe,    4.56, ,   0.17, ,   377
8171167.exe,    4.56, ,   0.17, ,   378
8171167.exe,    4.56, ,   0.18, ,   377
8171167.exe,    4.55, ,   0.17, ,   377
8171167.exe,    4.60, ,   0.17, ,   377
8171167.exe,    4.57, ,   0.17, ,   376
8171167.exe,    4.54, ,   0.17, ,   377
8308406.exe,    7.83, ,   0.22, ,   607
8308406.exe,    7.84, ,   0.22, ,   608
8308406.exe,    7.78, ,   0.22, ,   605
8308406.exe,    8.00, ,   0.22, ,   628
8308406.exe,    7.78, ,   0.22, ,   606
8308406.exe,    7.77, ,   0.23, ,   607
8308406.exe,    7.88, ,   0.22, ,   616
8308406.exe,    7.86, ,   0.22, ,   609
8308406.exe,    7.84, ,   0.22, ,   609
8308406.exe,    7.83, ,   0.22, ,   607
8401816.exe,    7.71, ,   0.22, ,   601
8401816.exe,    7.71, ,   0.21, ,   597
8401816.exe,    7.74, ,   0.21, ,   599
8401816.exe,    7.73, ,   0.22, ,   599
8401816.exe,    7.78, ,   0.21, ,   600
8401816.exe,    7.73, ,   0.21, ,   598
8401816.exe,    7.77, ,   0.21, ,   600
8401816.exe,    7.71, ,   0.22, ,   598
8401816.exe,    7.76, ,   0.21, ,   602
8401816.exe,    7.72, ,   0.21, ,   599
863410.exe,   15.02, ,   0.77, ,  1423
863410.exe,   14.80, ,   0.75, ,  1406
863410.exe,   14.69, ,   0.75, ,  1405
863410.exe,   14.84, ,   0.75, ,  1415
863410.exe,   14.67, ,   0.75, ,  1405
863410.exe,   15.24, ,   0.77, ,  1412
863410.exe,   14.78, ,   0.77, ,  1413
863410.exe,   14.89, ,   0.76, ,  1408
863410.exe,   14.68, ,   0.76, ,  1399
863410.exe,   14.81, ,   0.75, ,  1414
8651252.exe,    7.75, ,   0.22, ,   608
8651252.exe,    7.77, ,   0.20, ,   607
8651252.exe,    7.69, ,   0.20, ,   603
8651252.exe,    7.74, ,   0.21, ,   608
8651252.exe,    7.76, ,   0.21, ,   607
8651252.exe,    7.77, ,   0.22, ,   611
8651252.exe,    7.80, ,   0.22, ,   605
8651252.exe,    7.80, ,   0.22, ,   607
8651252.exe,    7.83, ,   0.22, ,   606
8651252.exe,    7.86, ,   0.22, ,   611
997739.exe,    3.55, ,   0.11, ,   289
997739.exe,    3.58, ,   0.11, ,   290
997739.exe,    3.62, ,   0.11, ,   292
997739.exe,    3.60, ,   0.11, ,   290
997739.exe,    3.55, ,   0.11, ,   292
997739.exe,    3.58, ,   0.11, ,   291
997739.exe,    3.61, ,   0.11, ,   290
997739.exe,    3.57, ,   0.11, ,   289
997739.exe,    3.57, ,   0.11, ,   291
997739.exe,    3.56, ,   0.11, ,   290
1056877.exe,    8.75, ,   0.28, ,   738
1056877.exe,    8.86, ,   0.24, ,   698
1056877.exe,    8.77, ,   0.25, ,   698
1056877.exe,    8.80, ,   0.25, ,   698
1056877.exe,    8.76, ,   0.24, ,   695
1056877.exe,    8.82, ,   0.24, ,   699
1056877.exe,    8.77, ,   0.24, ,   697
1056877.exe,    8.76, ,   0.24, ,   698
1056877.exe,    8.74, ,   0.23, ,   696
1056877.exe,    8.70, ,   0.23, ,   695
1110958.exe,    3.48, ,   0.11, ,   286
1110958.exe,    3.50, ,   0.11, ,   287
1110958.exe,    3.50, ,   0.11, ,   290
1110958.exe,    3.50, ,   0.11, ,   287
1110958.exe,    3.47, ,   0.11, ,   289
1110958.exe,    3.48, ,   0.11, ,   286
1110958.exe,    3.62, ,   0.12, ,   294
1110958.exe,    3.48, ,   0.11, ,   288
1110958.exe,    3.51, ,   0.11, ,   287
1110958.exe,    3.46, ,   0.11, ,   287
1313602.exe,    3.50, ,   0.11, ,   288
1313602.exe,    3.50, ,   0.11, ,   288
1313602.exe,    3.47, ,   0.11, ,   288
1313602.exe,    3.48, ,   0.11, ,   289
1313602.exe,    3.46, ,   0.11, ,   286
1313602.exe,    3.50, ,   0.11, ,   288
1313602.exe,    3.51, ,   0.11, ,   290
1313602.exe,    3.49, ,   0.11, ,   288
1313602.exe,    3.49, ,   0.11, ,   288
1313602.exe,    3.50, ,   0.11, ,   287
1333327.exe,    3.46, ,   0.11, ,   284
1333327.exe,    3.53, ,   0.11, ,   285
1333327.exe,    3.49, ,   0.11, ,   285
1333327.exe,    3.47, ,   0.11, ,   286
1333327.exe,    3.50, ,   0.11, ,   286
1333327.exe,    3.52, ,   0.11, ,   287
1333327.exe,    3.55, ,   0.11, ,   289
1333327.exe,    3.48, ,   0.11, ,   288
1333327.exe,    3.48, ,   0.11, ,   286
1333327.exe,    3.50, ,   0.11, ,   286
1383313.exe,    7.72, ,   0.22, ,   605
1383313.exe,    7.75, ,   0.22, ,   606
1383313.exe,    7.70, ,   0.22, ,   605
1383313.exe,    7.69, ,   0.22, ,   605
1383313.exe,    7.73, ,   0.22, ,   602
1383313.exe,    7.75, ,   0.22, ,   603
1383313.exe,    7.77, ,   0.22, ,   602
1383313.exe,    7.71, ,   0.22, ,   604
1383313.exe,    7.80, ,   0.22, ,   605
1383313.exe,    7.81, ,   0.22, ,   609
1524420.exe,    8.18, ,   0.24, ,   649
1524420.exe,    8.25, ,   0.24, ,   649
1524420.exe,    8.15, ,   0.25, ,   662
1524420.exe,    8.31, ,   0.25, ,   655
1524420.exe,    8.29, ,   0.26, ,   657
1524420.exe,    8.17, ,   0.23, ,   649
1524420.exe,    8.19, ,   0.25, ,   650
1524420.exe,    8.23, ,   0.25, ,   651
1524420.exe,    8.18, ,   0.23, ,   650
1524420.exe,    8.17, ,   0.26, ,   649
1576250.exe,    7.73, ,   0.22, ,   611
1576250.exe,    7.74, ,   0.22, ,   613
1576250.exe,    7.70, ,   0.22, ,   612
1576250.exe,    7.73, ,   0.22, ,   614
1576250.exe,    7.72, ,   0.22, ,   614
1576250.exe,    7.70, ,   0.22, ,   612
1576250.exe,    7.73, ,   0.22, ,   614
1576250.exe,    7.75, ,   0.22, ,   612
1576250.exe,    7.71, ,   0.22, ,   609
1576250.exe,    7.72, ,   0.22, ,   618
1899156.exe,    3.82, ,   0.16, ,   324
1899156.exe,    3.82, ,   0.16, ,   321
1899156.exe,    3.86, ,   0.16, ,   322
1899156.exe,    3.87, ,   0.16, ,   322
1899156.exe,    3.89, ,   0.16, ,   323
1899156.exe,    3.85, ,   0.16, ,   321
1899156.exe,    3.91, ,   0.16, ,   322
1899156.exe,    3.85, ,   0.16, ,   320
1899156.exe,    3.83, ,   0.16, ,   322
1899156.exe,    3.83, ,   0.16, ,   322
2080168.exe,    8.16, ,   0.24, ,   648
2080168.exe,    8.16, ,   0.26, ,   649
2080168.exe,    8.25, ,   0.25, ,   653
2080168.exe,    8.20, ,   0.25, ,   649
2080168.exe,    8.20, ,   0.27, ,   649
2080168.exe,    8.24, ,   0.26, ,   652
2080168.exe,    8.23, ,   0.26, ,   651
2080168.exe,    8.15, ,   0.25, ,   649
2080168.exe,    8.15, ,   0.25, ,   648
2080168.exe,    8.12, ,   0.25, ,   648
2083684.exe,    7.67, ,   0.22, ,   603
2083684.exe,    7.70, ,   0.22, ,   604
2083684.exe,    7.69, ,   0.22, ,   604
2083684.exe,    7.71, ,   0.22, ,   602
2083684.exe,    7.74, ,   0.22, ,   603
2083684.exe,    7.68, ,   0.22, ,   602
2083684.exe,    7.77, ,   0.22, ,   609
2083684.exe,    7.72, ,   0.22, ,   602
2083684.exe,    7.74, ,   0.22, ,   603
2083684.exe,    7.78, ,   0.22, ,   604
2098233.exe,    3.86, ,   0.16, ,   321
2098233.exe,    3.86, ,   0.17, ,   320
2098233.exe,    3.90, ,   0.17, ,   323
2098233.exe,    3.81, ,   0.16, ,   320
2098233.exe,    3.88, ,   0.16, ,   322
2098233.exe,    3.83, ,   0.16, ,   320
2098233.exe,    3.87, ,   0.16, ,   319
2098233.exe,    3.88, ,   0.16, ,   320
2098233.exe,    3.97, ,   0.17, ,   320
2098233.exe,    3.86, ,   0.16, ,   322
2126664.exe,    4.91, ,   0.22, ,   420
2126664.exe,    4.96, ,   0.22, ,   421
2126664.exe,    4.94, ,   0.22, ,   420
2126664.exe,    4.93, ,   0.22, ,   418
2126664.exe,    4.95, ,   0.22, ,   416
2126664.exe,    4.92, ,   0.22, ,   422
2126664.exe,    4.96, ,   0.22, ,   417
2126664.exe,    4.93, ,   0.22, ,   417
2126664.exe,    4.90, ,   0.22, ,   415
2126664.exe,    4.91, ,   0.22, ,   418
2134751.exe,    5.01, ,   0.22, ,   428
2134751.exe,    5.00, ,   0.22, ,   424
2134751.exe,    5.00, ,   0.22, ,   425
2134751.exe,    4.96, ,   0.22, ,   424
2134751.exe,    5.00, ,   0.22, ,   425
2134751.exe,    5.04, ,   0.22, ,   426
2134751.exe,    5.03, ,   0.22, ,   427
2134751.exe,    5.04, ,   0.22, ,   429
2134751.exe,    5.08, ,   0.22, ,   429
2134751.exe,    5.02, ,   0.22, ,   427
2162489.exe,    4.20, ,   0.17, ,   351
2162489.exe,    4.20, ,   0.17, ,   351
2162489.exe,    4.20, ,   0.17, ,   351
2162489.exe,    4.17, ,   0.17, ,   351
2162489.exe,    4.17, ,   0.17, ,   350
2162489.exe,    4.19, ,   0.17, ,   352
2162489.exe,    4.17, ,   0.18, ,   353
2162489.exe,    4.18, ,   0.17, ,   351
2162489.exe,    4.18, ,   0.17, ,   353
2162489.exe,    4.21, ,   0.17, ,   352
2190864.exe,    8.07, ,   0.22, ,   635
2190864.exe,    7.99, ,   0.22, ,   630
2190864.exe,    8.06, ,   0.22, ,   631
2190864.exe,    8.04, ,   0.22, ,   630
2190864.exe,    7.98, ,   0.22, ,   628
2190864.exe,    8.05, ,   0.22, ,   632
2190864.exe,    8.01, ,   0.22, ,   630
2190864.exe,    8.05, ,   0.22, ,   636
2190864.exe,    8.07, ,   0.22, ,   630
2190864.exe,    8.00, ,   0.22, ,   630
2237372.exe,    7.69, ,   0.22, ,   602
2237372.exe,    7.75, ,   0.20, ,   603
2237372.exe,    7.74, ,   0.22, ,   601
2237372.exe,    7.73, ,   0.22, ,   601
2237372.exe,    7.72, ,   0.22, ,   600
2237372.exe,    7.70, ,   0.22, ,   600
2237372.exe,    7.74, ,   0.21, ,   599
2237372.exe,    7.74, ,   0.22, ,   600
2237372.exe,    7.72, ,   0.22, ,   601
2237372.exe,    7.72, ,   0.22, ,   602
238280.exe,    3.59, ,   0.11, ,   296
238280.exe,    3.53, ,   0.11, ,   295
238280.exe,    3.55, ,   0.11, ,   294
238280.exe,    3.58, ,   0.11, ,   296
238280.exe,    3.54, ,   0.11, ,   292
238280.exe,    3.56, ,   0.11, ,   295
238280.exe,    3.57, ,   0.11, ,   295
238280.exe,    3.60, ,   0.11, ,   294
238280.exe,    3.57, ,   0.11, ,   292
238280.exe,    3.54, ,   0.11, ,   293
2406283.exe,    4.51, ,   0.17, ,   381
2406283.exe,    4.54, ,   0.18, ,   388
2406283.exe,    4.55, ,   0.18, ,   385
2406283.exe,    4.58, ,   0.17, ,   389
2406283.exe,    4.56, ,   0.17, ,   384
2406283.exe,    4.53, ,   0.17, ,   385
2406283.exe,    4.59, ,   0.18, ,   387
2406283.exe,    4.60, ,   0.20, ,   390
2406283.exe,    4.57, ,   0.19, ,   391
2406283.exe,    4.55, ,   0.17, ,   381
2434772.exe,    3.83, ,   0.16, ,   319
2434772.exe,    3.86, ,   0.16, ,   321
2434772.exe,    3.87, ,   0.16, ,   320
2434772.exe,    3.90, ,   0.16, ,   320
2434772.exe,    3.86, ,   0.16, ,   319
2434772.exe,    3.84, ,   0.16, ,   320
2434772.exe,    3.84, ,   0.16, ,   319
2434772.exe,    3.89, ,   0.16, ,   319
2434772.exe,    3.87, ,   0.16, ,   319
2434772.exe,    3.81, ,   0.16, ,   317
2551095.exe,    7.72, ,   0.21, ,   604
2551095.exe,    7.77, ,   0.21, ,   602
2551095.exe,    7.81, ,   0.21, ,   603
2551095.exe,    7.84, ,   0.21, ,   606
2551095.exe,    7.72, ,   0.22, ,   602
2551095.exe,    7.81, ,   0.22, ,   604
2551095.exe,    7.86, ,   0.22, ,   607
2551095.exe,    7.79, ,   0.22, ,   605
2551095.exe,    7.80, ,   0.21, ,   603
2551095.exe,    7.90, ,   0.22, ,   607
2596867.exe,    3.53, ,   0.11, ,   290
2596867.exe,    3.51, ,   0.11, ,   290
2596867.exe,    3.45, ,   0.11, ,   292
2596867.exe,    3.41, ,   0.11, ,   290
2596867.exe,    3.48, ,   0.11, ,   291
2596867.exe,    3.45, ,   0.11, ,   291
2596867.exe,    3.46, ,   0.11, ,   292
2596867.exe,    3.49, ,   0.11, ,   290
2596867.exe,    3.43, ,   0.12, ,   317
2596867.exe,    3.52, ,   0.11, ,   292
2629074.exe,    7.63, ,   0.22, ,   598
2629074.exe,    7.70, ,   0.22, ,   601
2629074.exe,    7.68, ,   0.22, ,   600
2629074.exe,    7.66, ,   0.22, ,   599
2629074.exe,    7.62, ,   0.22, ,   597
2629074.exe,    7.68, ,   0.22, ,   600
2629074.exe,    7.69, ,   0.22, ,   600
2629074.exe,    7.67, ,   0.22, ,   597
2629074.exe,    7.73, ,   0.22, ,   602
2629074.exe,    7.70, ,   0.22, ,   599
2685390.exe,    4.02, ,   0.17, ,   329
2685390.exe,    3.97, ,   0.16, ,   331
2685390.exe,    3.96, ,   0.16, ,   329
2685390.exe,    3.99, ,   0.17, ,   330
2685390.exe,    3.93, ,   0.16, ,   329
2685390.exe,    3.96, ,   0.17, ,   327
2685390.exe,    4.01, ,   0.17, ,   331
2685390.exe,    3.94, ,   0.17, ,   327
2685390.exe,    4.01, ,   0.17, ,   329
2685390.exe,    3.97, ,   0.16, ,   328
2947180.exe,    3.64, ,   0.11, ,   294
2947180.exe,    3.70, ,   0.11, ,   298
2947180.exe,    3.67, ,   0.12, ,   293
2947180.exe,    3.64, ,   0.11, ,   293
2947180.exe,    3.63, ,   0.11, ,   294
2947180.exe,    3.63, ,   0.11, ,   295
2947180.exe,    3.65, ,   0.11, ,   295
2947180.exe,    3.64, ,   0.11, ,   296
2947180.exe,    3.59, ,   0.12, ,   297
2947180.exe,    3.64, ,   0.11, ,   294
2947894.exe,    3.56, ,   0.11, ,   291
2947894.exe,    3.55, ,   0.11, ,   291
2947894.exe,    3.56, ,   0.11, ,   289
2947894.exe,    3.56, ,   0.11, ,   291
2947894.exe,    3.57, ,   0.11, ,   291
2947894.exe,    3.59, ,   0.11, ,   292
2947894.exe,    3.56, ,   0.11, ,   294
2947894.exe,    3.53, ,   0.11, ,   290
2947894.exe,    3.52, ,   0.11, ,   292
2947894.exe,    3.52, ,   0.11, ,   290
2960949.exe,    3.58, ,   0.11, ,   296
2960949.exe,    3.57, ,   0.11, ,   295
2960949.exe,    3.67, ,   0.12, ,   297
2960949.exe,    3.60, ,   0.11, ,   294
2960949.exe,    3.60, ,   0.11, ,   294
2960949.exe,    3.62, ,   0.11, ,   295
2960949.exe,    3.59, ,   0.11, ,   294
2960949.exe,    3.60, ,   0.11, ,   296
2960949.exe,    3.66, ,   0.12, ,   299
2960949.exe,    3.59, ,   0.11, ,   293
3086125.exe,    9.71, ,   0.49, ,   927
3086125.exe,    9.79, ,   0.50, ,   930
3086125.exe,    9.69, ,   0.48, ,   925
3086125.exe,   10.32, ,   0.53, ,   942
3086125.exe,    9.76, ,   0.48, ,   927
3086125.exe,    9.91, ,   0.51, ,   931
3086125.exe,    9.92, ,   0.51, ,   929
3086125.exe,   10.40, ,   0.50, ,   937
3086125.exe,   10.96, ,   0.64, ,   997
3086125.exe,   12.00, ,   0.82, ,  1085
3128348.exe,    8.90, ,   0.39, ,   666
3128348.exe,    8.69, ,   0.37, ,   654
3128348.exe,    8.53, ,   0.34, ,   646
3128348.exe,    8.49, ,   0.34, ,   647
3128348.exe,    8.37, ,   0.29, ,   639
3128348.exe,    8.26, ,   0.28, ,   633
3128348.exe,    8.24, ,   0.28, ,   635
3128348.exe,    8.16, ,   0.28, ,   628
3128348.exe,    8.01, ,   0.25, ,   621
3128348.exe,    7.91, ,   0.24, ,   614
3569069.exe,   11.79, ,   0.60, ,  1033
3569069.exe,   11.72, ,   0.60, ,  1032
3569069.exe,   11.72, ,   0.59, ,  1031
3569069.exe,   11.74, ,   0.59, ,  1029
3569069.exe,   11.78, ,   0.59, ,  1029
3569069.exe,   11.71, ,   0.59, ,  1030
3569069.exe,   11.77, ,   0.60, ,  1030
3569069.exe,   11.70, ,   0.60, ,  1029
3569069.exe,   11.83, ,   0.59, ,  1030
3569069.exe,   11.78, ,   0.60, ,  1029
378160.exe,    8.13, ,   0.27, ,   651
378160.exe,    8.24, ,   0.28, ,   651
378160.exe,    8.21, ,   0.26, ,   650
378160.exe,    8.23, ,   0.27, ,   649
378160.exe,    8.20, ,   0.24, ,   646
378160.exe,    8.22, ,   0.27, ,   651
378160.exe,    8.22, ,   0.27, ,   652
378160.exe,    8.28, ,   0.27, ,   657
378160.exe,    8.20, ,   0.27, ,   649
378160.exe,    8.15, ,   0.27, ,   650
3974425.exe,    3.92, ,   0.17, ,   324
3974425.exe,    4.03, ,   0.16, ,   324
3974425.exe,    4.21, ,   0.16, ,   325
3974425.exe,    3.90, ,   0.16, ,   323
3974425.exe,    3.89, ,   0.16, ,   322
3974425.exe,    3.89, ,   0.16, ,   323
3974425.exe,    3.90, ,   0.17, ,   323
3974425.exe,    3.97, ,   0.17, ,   325
3974425.exe,    3.85, ,   0.16, ,   323
3974425.exe,    3.89, ,   0.16, ,   323
3982997.exe,    3.61, ,   0.11, ,   293
3982997.exe,    3.62, ,   0.11, ,   294
3982997.exe,    3.62, ,   0.11, ,   295
3982997.exe,    3.59, ,   0.11, ,   295
3982997.exe,    3.58, ,   0.11, ,   293
3982997.exe,    3.55, ,   0.11, ,   293
3982997.exe,    3.55, ,   0.11, ,   294
3982997.exe,    3.55, ,   0.11, ,   294
3982997.exe,    3.55, ,   0.11, ,   293
3982997.exe,    3.54, ,   0.11, ,   294
3993006.exe,    7.71, ,   0.22, ,   605
3993006.exe,    7.68, ,   0.20, ,   603
3993006.exe,    7.80, ,   0.21, ,   612
3993006.exe,    7.83, ,   0.22, ,   608
3993006.exe,    7.73, ,   0.22, ,   606
3993006.exe,    7.71, ,   0.22, ,   606
3993006.exe,    7.82, ,   0.22, ,   615
3993006.exe,    7.70, ,   0.22, ,   606
3993006.exe,    7.74, ,   0.22, ,   610
3993006.exe,    7.75, ,   0.22, ,   606
4053780.exe,    3.54, ,   0.11, ,   291
4053780.exe,    3.51, ,   0.11, ,   291
4053780.exe,    3.50, ,   0.11, ,   294
4053780.exe,    3.49, ,   0.11, ,   295
4053780.exe,    3.54, ,   0.11, ,   294
4053780.exe,    3.56, ,   0.11, ,   294
4053780.exe,    3.53, ,   0.11, ,   293
4053780.exe,    3.53, ,   0.11, ,   293
4053780.exe,    3.57, ,   0.11, ,   291
4053780.exe,    3.56, ,   0.11, ,   294
4313052.exe,    3.86, ,   0.16, ,   320
4313052.exe,    3.83, ,   0.16, ,   320
4313052.exe,    3.91, ,   0.16, ,   322
4313052.exe,    3.90, ,   0.16, ,   320
4313052.exe,    3.87, ,   0.16, ,   320
4313052.exe,    3.89, ,   0.16, ,   320
4313052.exe,    4.28, ,   0.16, ,   323
4313052.exe,    3.88, ,   0.16, ,   321
4313052.exe,    3.82, ,   0.16, ,   321
4313052.exe,    3.83, ,   0.16, ,   320
4619197.exe,    7.69, ,   0.21, ,   597
4619197.exe,    7.64, ,   0.21, ,   596
4619197.exe,    7.65, ,   0.21, ,   600
4619197.exe,    7.67, ,   0.22, ,   598
4619197.exe,    7.65, ,   0.22, ,   599
4619197.exe,    7.63, ,   0.22, ,   600
4619197.exe,    7.60, ,   0.20, ,   597
4619197.exe,    7.61, ,   0.22, ,   598
4619197.exe,    7.69, ,   0.22, ,   600
4619197.exe,    7.66, ,   0.22, ,   599
470433.exe,   13.34, ,   0.66, ,  1165
470433.exe,   13.36, ,   0.67, ,  1165
470433.exe,   13.46, ,   0.67, ,  1165
470433.exe,   13.49, ,   0.67, ,  1168
470433.exe,   13.50, ,   0.68, ,  1175
470433.exe,   13.42, ,   0.67, ,  1170
470433.exe,   13.33, ,   0.68, ,  1164
470433.exe,   13.31, ,   0.67, ,  1163
470433.exe,   13.39, ,   0.67, ,  1167
470433.exe,   13.85, ,   0.66, ,  1169
4772895.exe,    8.27, ,   0.23, ,   656
4772895.exe,    8.25, ,   0.23, ,   652
4772895.exe,    8.21, ,   0.23, ,   654
4772895.exe,    8.25, ,   0.23, ,   653
4772895.exe,    8.22, ,   0.23, ,   654
4772895.exe,    8.21, ,   0.23, ,   657
4772895.exe,    8.16, ,   0.23, ,   655
4772895.exe,    8.22, ,   0.24, ,   654
4772895.exe,    8.19, ,   0.23, ,   655
4772895.exe,    8.16, ,   0.23, ,   653
5140609.exe,    7.68, ,   0.22, ,   603
5140609.exe,    7.65, ,   0.22, ,   599
5140609.exe,    7.66, ,   0.20, ,   598
5140609.exe,    7.69, ,   0.22, ,   599
5140609.exe,    7.92, ,   0.22, ,   602
5140609.exe,    7.66, ,   0.22, ,   599
5140609.exe,    7.60, ,   0.22, ,   598
5140609.exe,    7.69, ,   0.22, ,   600
5140609.exe,    7.66, ,   0.22, ,   601
5140609.exe,    7.62, ,   0.21, ,   597
5162419.exe,    3.80, ,   0.12, ,   315
5162419.exe,    3.82, ,   0.14, ,   317
5162419.exe,    3.81, ,   0.13, ,   315
5162419.exe,    3.82, ,   0.13, ,   314
5162419.exe,    3.81, ,   0.12, ,   313
5162419.exe,    3.82, ,   0.12, ,   315
5162419.exe,    3.82, ,   0.12, ,   314
5162419.exe,    3.77, ,   0.12, ,   315
5162419.exe,    3.81, ,   0.12, ,   314
5162419.exe,    3.77, ,   0.11, ,   315
5381024.exe,    3.47, ,   0.11, ,   294
5381024.exe,    3.51, ,   0.11, ,   288
5381024.exe,    3.52, ,   0.11, ,   289
5381024.exe,    3.48, ,   0.11, ,   292
5381024.exe,    3.51, ,   0.11, ,   290
5381024.exe,    3.53, ,   0.11, ,   290
5381024.exe,    3.52, ,   0.11, ,   292
5381024.exe,    3.52, ,   0.11, ,   288
5381024.exe,    3.53, ,   0.11, ,   290
5381024.exe,    3.55, ,   0.11, ,   292
5745274.exe,    7.74, ,   0.22, ,   604
5745274.exe,    7.77, ,   0.22, ,   605
5745274.exe,    7.74, ,   0.22, ,   604
5745274.exe,    7.66, ,   0.22, ,   605
5745274.exe,    7.56, ,   0.22, ,   617
5745274.exe,    7.70, ,   0.22, ,   601
5745274.exe,    7.76, ,   0.22, ,   605
5745274.exe,    7.67, ,   0.22, ,   603
5745274.exe,    7.76, ,   0.21, ,   604
5745274.exe,    8.20, ,   0.22, ,   610
5989896.exe,    3.63, ,   0.11, ,   296
5989896.exe,    3.63, ,   0.11, ,   295
5989896.exe,    3.63, ,   0.11, ,   297
5989896.exe,    3.62, ,   0.11, ,   295
5989896.exe,    3.58, ,   0.11, ,   296
5989896.exe,    3.56, ,   0.11, ,   295
5989896.exe,    3.56, ,   0.11, ,   295
5989896.exe,    3.62, ,   0.11, ,   296
5989896.exe,    3.60, ,   0.11, ,   295
5989896.exe,    3.60, ,   0.11, ,   296
602592.exe,    8.02, ,   0.22, ,   643
602592.exe,    8.06, ,   0.22, ,   643
602592.exe,    8.12, ,   0.22, ,   642
602592.exe,    8.13, ,   0.22, ,   647
602592.exe,    8.05, ,   0.22, ,   644
602592.exe,    8.10, ,   0.22, ,   647
602592.exe,    8.11, ,   0.22, ,   646
602592.exe,    8.19, ,   0.22, ,   657
602592.exe,    8.03, ,   0.22, ,   639
602592.exe,    8.08, ,   0.22, ,   638
6059959.exe,    3.52, ,   0.11, ,   292
6059959.exe,    3.51, ,   0.11, ,   288
6059959.exe,    3.52, ,   0.11, ,   289
6059959.exe,    3.54, ,   0.11, ,   288
6059959.exe,    3.49, ,   0.11, ,   288
6059959.exe,    3.51, ,   0.11, ,   288
6059959.exe,    3.54, ,   0.11, ,   289
6059959.exe,    3.53, ,   0.11, ,   291
6059959.exe,    3.52, ,   0.11, ,   288
6059959.exe,    3.53, ,   0.11, ,   290
6196910.exe,    4.01, ,   0.17, ,   331
6196910.exe,    3.98, ,   0.17, ,   330
6196910.exe,    3.92, ,   0.17, ,   329
6196910.exe,    3.94, ,   0.17, ,   330
6196910.exe,    3.94, ,   0.17, ,   328
6196910.exe,    4.33, ,   0.17, ,   331
6196910.exe,    3.91, ,   0.17, ,   329
6196910.exe,    3.98, ,   0.17, ,   330
6196910.exe,    3.96, ,   0.17, ,   330
6196910.exe,    3.95, ,   0.17, ,   331
6268068.exe,    7.55, ,   0.22, ,   606
6268068.exe,    7.68, ,   0.21, ,   607
6268068.exe,    7.62, ,   0.20, ,   598
6268068.exe,    7.59, ,   0.21, ,   604
6268068.exe,    7.58, ,   0.21, ,   600
6268068.exe,    7.63, ,   0.22, ,   600
6268068.exe,    7.59, ,   0.22, ,   598
6268068.exe,    7.58, ,   0.20, ,   597
6268068.exe,    7.65, ,   0.21, ,   599
6268068.exe,    7.61, ,   0.21, ,   599
630946.exe,    3.47, ,   0.11, ,   288
630946.exe,    3.47, ,   0.11, ,   287
630946.exe,    3.50, ,   0.11, ,   287
630946.exe,    3.48, ,   0.11, ,   286
630946.exe,    3.48, ,   0.11, ,   284
630946.exe,    3.47, ,   0.11, ,   286
630946.exe,    3.47, ,   0.11, ,   284
630946.exe,    3.41, ,   0.12, ,   303
630946.exe,    3.49, ,   0.11, ,   288
630946.exe,    3.69, ,   0.11, ,   287
637097.exe,    8.20, ,   0.24, ,   648
637097.exe,    8.18, ,   0.23, ,   653
637097.exe,    8.16, ,   0.23, ,   648
637097.exe,    8.17, ,   0.23, ,   645
637097.exe,    8.15, ,   0.23, ,   644
637097.exe,    8.09, ,   0.23, ,   644
637097.exe,    8.14, ,   0.23, ,   645
637097.exe,    8.18, ,   0.23, ,   649
637097.exe,    8.17, ,   0.23, ,   646
637097.exe,    8.17, ,   0.23, ,   645
6379333.exe,    3.51, ,   0.11, ,   296
6379333.exe,    3.49, ,   0.11, ,   295
6379333.exe,    3.52, ,   0.11, ,   292
6379333.exe,    3.53, ,   0.12, ,   293
6379333.exe,    3.47, ,   0.11, ,   293
6379333.exe,    3.49, ,   0.11, ,   293
6379333.exe,    3.48, ,   0.11, ,   291
6379333.exe,    3.50, ,   0.11, ,   291
6379333.exe,    3.52, ,   0.11, ,   293
6379333.exe,    3.52, ,   0.11, ,   290
6437364.exe,    3.44, ,   0.11, ,   286
6437364.exe,    3.46, ,   0.11, ,   284
6437364.exe,    3.47, ,   0.11, ,   285
6437364.exe,    3.48, ,   0.11, ,   286
6437364.exe,    3.52, ,   0.11, ,   288
6437364.exe,    3.47, ,   0.11, ,   286
6437364.exe,    3.48, ,   0.11, ,   287
6437364.exe,    3.47, ,   0.11, ,   286
6437364.exe,    3.50, ,   0.11, ,   285
6437364.exe,    3.48, ,   0.11, ,   285
6581060.exe,    3.54, ,   0.11, ,   292
6581060.exe,    3.54, ,   0.11, ,   290
6581060.exe,    3.56, ,   0.11, ,   290
6581060.exe,    3.57, ,   0.11, ,   289
6581060.exe,    3.54, ,   0.11, ,   290
6581060.exe,    3.54, ,   0.11, ,   290
6581060.exe,    3.55, ,   0.11, ,   291
6581060.exe,    3.57, ,   0.11, ,   290
6581060.exe,    3.85, ,   0.11, ,   292
6581060.exe,    3.71, ,   0.11, ,   291
6629192.exe,    7.72, ,   0.22, ,   606
6629192.exe,    7.65, ,   0.21, ,   603
6629192.exe,    7.65, ,   0.22, ,   604
6629192.exe,    7.63, ,   0.21, ,   603
6629192.exe,    7.64, ,   0.22, ,   605
6629192.exe,    7.73, ,   0.22, ,   603
6629192.exe,    7.81, ,   0.22, ,   608
6629192.exe,    7.74, ,   0.22, ,   608
6629192.exe,    7.76, ,   0.22, ,   610
6629192.exe,    7.71, ,   0.21, ,   607
6669955.exe,    3.91, ,   0.16, ,   323
6669955.exe,    3.91, ,   0.16, ,   323
6669955.exe,    3.89, ,   0.16, ,   322
6669955.exe,    3.93, ,   0.16, ,   323
6669955.exe,    3.86, ,   0.16, ,   323
6669955.exe,    3.92, ,   0.16, ,   322
6669955.exe,    3.88, ,   0.16, ,   324
6669955.exe,    3.85, ,   0.16, ,   322
6669955.exe,    3.87, ,   0.16, ,   322
6669955.exe,    3.94, ,   0.16, ,   324
6788249.exe,    4.94, ,   0.16, ,   422
6788249.exe,    4.94, ,   0.16, ,   419
6788249.exe,    4.96, ,   0.16, ,   421
6788249.exe,    4.94, ,   0.16, ,   419
6788249.exe,    4.95, ,   0.16, ,   421
6788249.exe,    4.93, ,   0.16, ,   419
6788249.exe,    5.00, ,   0.16, ,   419
6788249.exe,    5.02, ,   0.16, ,   420
6788249.exe,    4.97, ,   0.16, ,   420
6788249.exe,    5.03, ,   0.16, ,   422
6808700.exe,    3.92, ,   0.17, ,   337
6808700.exe,    3.95, ,   0.16, ,   326
6808700.exe,    4.39, ,   0.16, ,   333
6808700.exe,    3.98, ,   0.17, ,   330
6808700.exe,    3.93, ,   0.16, ,   327
6808700.exe,    3.92, ,   0.17, ,   327
6808700.exe,    3.97, ,   0.17, ,   327
6808700.exe,    3.93, ,   0.16, ,   327
6808700.exe,    3.96, ,   0.16, ,   332
6808700.exe,    3.92, ,   0.16, ,   328
6846211.exe,    3.84, ,   0.16, ,   321
6846211.exe,    3.87, ,   0.16, ,   321
6846211.exe,    3.86, ,   0.16, ,   322
6846211.exe,    3.87, ,   0.16, ,   326
6846211.exe,    3.85, ,   0.16, ,   322
6846211.exe,    3.86, ,   0.16, ,   323
6846211.exe,    3.87, ,   0.16, ,   324
6846211.exe,    3.82, ,   0.16, ,   322
6846211.exe,    3.86, ,   0.16, ,   322
6846211.exe,    3.84, ,   0.16, ,   322
6850112.exe,    3.48, ,   0.11, ,   285
6850112.exe,    3.48, ,   0.11, ,   287
6850112.exe,    3.46, ,   0.11, ,   285
6850112.exe,    3.49, ,   0.11, ,   284
6850112.exe,    3.50, ,   0.11, ,   286
6850112.exe,    3.47, ,   0.11, ,   286
6850112.exe,    3.47, ,   0.11, ,   287
6850112.exe,    3.44, ,   0.11, ,   285
6850112.exe,    3.46, ,   0.11, ,   286
6850112.exe,    3.44, ,   0.11, ,   287
6941529.exe,    7.94, ,   0.21, ,   600
6941529.exe,    7.79, ,   0.22, ,   602
6941529.exe,    7.72, ,   0.21, ,   601
6941529.exe,    7.67, ,   0.21, ,   599
6941529.exe,    7.68, ,   0.21, ,   600
6941529.exe,    7.69, ,   0.22, ,   600
6941529.exe,    7.65, ,   0.21, ,   597
6941529.exe,    7.60, ,   0.22, ,   614
6941529.exe,    7.72, ,   0.21, ,   602
6941529.exe,    7.63, ,   0.19, ,   598
6978096.exe,    3.51, ,   0.11, ,   286
6978096.exe,    3.50, ,   0.11, ,   286
6978096.exe,    3.52, ,   0.11, ,   288
6978096.exe,    3.51, ,   0.11, ,   286
6978096.exe,    3.53, ,   0.11, ,   285
6978096.exe,    3.58, ,   0.12, ,   287
6978096.exe,    3.52, ,   0.11, ,   286
6978096.exe,    3.52, ,   0.11, ,   285
6978096.exe,    3.53, ,   0.11, ,   288
6978096.exe,    3.51, ,   0.11, ,   287
7110392.exe,    3.63, ,   0.13, ,   298
7110392.exe,    3.59, ,   0.11, ,   294
7110392.exe,    3.61, ,   0.11, ,   295
7110392.exe,    3.63, ,   0.11, ,   295
7110392.exe,    3.60, ,   0.11, ,   296
7110392.exe,    3.62, ,   0.11, ,   296
7110392.exe,    3.56, ,   0.11, ,   296
7110392.exe,    3.58, ,   0.11, ,   295
7110392.exe,    3.74, ,   0.12, ,   299
7110392.exe,    3.60, ,   0.11, ,   296
7147241.exe,    3.69, ,   0.11, ,   301
7147241.exe,    3.68, ,   0.11, ,   301
7147241.exe,    3.66, ,   0.11, ,   301
7147241.exe,    3.66, ,   0.11, ,   302
7147241.exe,    3.61, ,   0.11, ,   300
7147241.exe,    3.65, ,   0.11, ,   299
7147241.exe,    3.67, ,   0.11, ,   303
7147241.exe,    3.63, ,   0.11, ,   300
7147241.exe,    3.60, ,   0.11, ,   302
7147241.exe,    3.60, ,   0.11, ,   302
7171152.exe,    3.38, ,   0.11, ,   285
7171152.exe,    3.40, ,   0.11, ,   287
7171152.exe,    3.40, ,   0.11, ,   283
7171152.exe,    3.48, ,   0.11, ,   285
7171152.exe,    3.41, ,   0.11, ,   283
7171152.exe,    3.38, ,   0.11, ,   285
7171152.exe,    3.45, ,   0.11, ,   284
7171152.exe,    3.45, ,   0.11, ,   284
7171152.exe,    3.44, ,   0.11, ,   284
7171152.exe,    3.41, ,   0.11, ,   282
7246995.exe,    3.52, ,   0.11, ,   288
7246995.exe,    3.48, ,   0.11, ,   287
7246995.exe,    3.46, ,   0.11, ,   286
7246995.exe,    3.48, ,   0.11, ,   289
7246995.exe,    3.50, ,   0.11, ,   287
7246995.exe,    3.50, ,   0.11, ,   289
7246995.exe,    3.51, ,   0.11, ,   288
7246995.exe,    3.53, ,   0.11, ,   289
7246995.exe,    3.49, ,   0.11, ,   287
7246995.exe,    3.52, ,   0.11, ,   289
7277441.exe,    3.55, ,   0.11, ,   294
7277441.exe,    3.54, ,   0.11, ,   293
7277441.exe,    3.54, ,   0.11, ,   289
7277441.exe,    3.52, ,   0.11, ,   293
7277441.exe,    3.58, ,   0.11, ,   291
7277441.exe,    3.60, ,   0.11, ,   293
7277441.exe,    3.53, ,   0.11, ,   291
7277441.exe,    3.53, ,   0.11, ,   292
7277441.exe,    3.53, ,   0.11, ,   291
7277441.exe,    3.56, ,   0.11, ,   290
7371342.exe,    7.77, ,   0.22, ,   603
7371342.exe,    7.82, ,   0.22, ,   607
7371342.exe,    7.61, ,   0.22, ,   618
7371342.exe,    7.87, ,   0.22, ,   611
7371342.exe,    7.75, ,   0.22, ,   604
7371342.exe,    7.78, ,   0.22, ,   604
7371342.exe,    7.79, ,   0.22, ,   607
7371342.exe,    7.70, ,   0.22, ,   604
7371342.exe,    7.78, ,   0.22, ,   608
7371342.exe,    8.22, ,   0.22, ,   611
7393459.exe,    4.52, ,   0.22, ,   384
7393459.exe,    4.56, ,   0.22, ,   386
7393459.exe,    4.55, ,   0.22, ,   384
7393459.exe,    4.56, ,   0.22, ,   383
7393459.exe,    4.53, ,   0.22, ,   385
7393459.exe,    4.55, ,   0.22, ,   384
7393459.exe,    4.62, ,   0.22, ,   390
7393459.exe,    4.62, ,   0.22, ,   389
7393459.exe,    4.56, ,   0.22, ,   383
7393459.exe,    4.62, ,   0.22, ,   391
752441.exe,    8.30, ,   0.23, ,   649
752441.exe,    8.34, ,   0.23, ,   649
752441.exe,    8.20, ,   0.23, ,   663
752441.exe,    8.22, ,   0.23, ,   644
752441.exe,    8.25, ,   0.23, ,   646
752441.exe,    8.29, ,   0.23, ,   645
752441.exe,    8.29, ,   0.23, ,   646
752441.exe,    8.26, ,   0.23, ,   646
752441.exe,    8.30, ,   0.23, ,   651
752441.exe,    8.50, ,   0.23, ,   645
7584430.exe,    3.94, ,   0.13, ,   323
7584430.exe,    3.91, ,   0.14, ,   323
7584430.exe,    3.90, ,   0.14, ,   322
7584430.exe,    3.92, ,   0.12, ,   322
7584430.exe,    3.91, ,   0.13, ,   321
7584430.exe,    3.88, ,   0.12, ,   321
7584430.exe,    3.90, ,   0.14, ,   322
7584430.exe,    3.91, ,   0.13, ,   321
7584430.exe,    3.91, ,   0.12, ,   320
7584430.exe,    3.90, ,   0.11, ,   319
7789629.exe,    7.75, ,   0.22, ,   604
7789629.exe,    7.78, ,   0.22, ,   603
7789629.exe,    7.66, ,   0.21, ,   600
7789629.exe,    7.73, ,   0.21, ,   603
7789629.exe,    7.70, ,   0.22, ,   606
7789629.exe,    7.73, ,   0.20, ,   601
7789629.exe,    7.75, ,   0.22, ,   608
7789629.exe,    7.75, ,   0.21, ,   603
7789629.exe,    7.73, ,   0.22, ,   604
7789629.exe,    7.76, ,   0.22, ,   605
7850041.exe,    3.89, ,   0.17, ,   322
7850041.exe,    3.85, ,   0.16, ,   320
7850041.exe,    3.90, ,   0.17, ,   323
7850041.exe,    3.88, ,   0.16, ,   323
7850041.exe,    3.89, ,   0.17, ,   322
7850041.exe,    3.92, ,   0.16, ,   321
7850041.exe,    3.89, ,   0.17, ,   322
7850041.exe,    3.90, ,   0.16, ,   322
7850041.exe,    3.87, ,   0.17, ,   323
7850041.exe,    3.92, ,   0.17, ,   320
7923020.exe,    3.99, ,   0.16, ,   331
7923020.exe,    3.99, ,   0.16, ,   331
7923020.exe,    3.93, ,   0.16, ,   331
7923020.exe,    4.93, ,   0.19, ,   342
7923020.exe,    4.35, ,   0.16, ,   336
7923020.exe,    4.01, ,   0.16, ,   335
7923020.exe,    3.99, ,   0.16, ,   331
7923020.exe,    3.98, ,   0.16, ,   331
7923020.exe,    3.97, ,   0.16, ,   331
7923020.exe,    4.01, ,   0.16, ,   329
8075161.exe,    7.77, ,   0.22, ,   608
8075161.exe,    7.73, ,   0.22, ,   604
8075161.exe,    7.76, ,   0.22, ,   609
8075161.exe,    7.82, ,   0.22, ,   608
8075161.exe,    7.73, ,   0.22, ,   603
8075161.exe,    7.72, ,   0.21, ,   605
8075161.exe,    7.73, ,   0.22, ,   605
8075161.exe,    7.73, ,   0.22, ,   607
8075161.exe,    7.73, ,   0.22, ,   604
8075161.exe,    7.76, ,   0.21, ,   604
8134220.exe,    8.68, ,   0.24, ,   683
8134220.exe,    8.68, ,   0.23, ,   681
8134220.exe,    8.67, ,   0.24, ,   682
8134220.exe,    8.64, ,   0.23, ,   685
8134220.exe,    8.67, ,   0.25, ,   681
8134220.exe,    8.66, ,   0.24, ,   683
8134220.exe,    8.61, ,   0.24, ,   684
8134220.exe,    8.57, ,   0.23, ,   679
8134220.exe,    8.57, ,   0.23, ,   677
8134220.exe,    8.67, ,   0.24, ,   683
8171167.exe,    4.53, ,   0.17, ,   376
8171167.exe,    4.52, ,   0.17, ,   377
8171167.exe,    5.06, ,   0.17, ,   383
8171167.exe,    4.53, ,   0.18, ,   378
8171167.exe,    4.54, ,   0.18, ,   377
8171167.exe,    4.51, ,   0.17, ,   377
8171167.exe,    4.51, ,   0.18, ,   378
8171167.exe,    4.46, ,   0.16, ,   376
8171167.exe,    4.48, ,   0.17, ,   377
8171167.exe,    4.48, ,   0.17, ,   377
8308406.exe,    7.70, ,   0.22, ,   606
8308406.exe,    7.70, ,   0.22, ,   605
8308406.exe,    7.69, ,   0.22, ,   606
8308406.exe,    7.78, ,   0.22, ,   607
8308406.exe,    7.68, ,   0.22, ,   608
8308406.exe,    7.55, ,   0.23, ,   626
8308406.exe,    7.73, ,   0.22, ,   609
8308406.exe,    7.66, ,   0.22, ,   609
8308406.exe,    7.66, ,   0.22, ,   610
8308406.exe,    7.68, ,   0.22, ,   611
8401816.exe,    7.62, ,   0.22, ,   603
8401816.exe,    7.64, ,   0.22, ,   598
8401816.exe,    7.89, ,   0.22, ,   600
8401816.exe,    7.75, ,   0.21, ,   603
8401816.exe,    7.73, ,   0.22, ,   601
8401816.exe,    7.68, ,   0.22, ,   598
8401816.exe,    7.66, ,   0.22, ,   599
8401816.exe,    7.67, ,   0.22, ,   598
8401816.exe,    7.71, ,   0.20, ,   598
8401816.exe,    7.67, ,   0.21, ,   599
863410.exe,   14.67, ,   0.76, ,  1412
863410.exe,   14.53, ,   0.76, ,  1417
863410.exe,   14.66, ,   0.76, ,  1405
863410.exe,   14.60, ,   0.75, ,  1404
863410.exe,   14.67, ,   0.75, ,  1415
863410.exe,   14.50, ,   0.76, ,  1424
863410.exe,   14.46, ,   0.75, ,  1403
863410.exe,   14.75, ,   0.76, ,  1413
863410.exe,   14.60, ,   0.75, ,  1411
863410.exe,   14.53, ,   0.76, ,  1404
8651252.exe,    7.77, ,   0.22, ,   611
8651252.exe,    7.75, ,   0.22, ,   611
8651252.exe,    7.66, ,   0.21, ,   606
8651252.exe,    7.69, ,   0.22, ,   606
8651252.exe,    7.68, ,   0.22, ,   607
8651252.exe,    7.66, ,   0.22, ,   607
8651252.exe,    7.68, ,   0.22, ,   605
8651252.exe,    7.76, ,   0.22, ,   607
8651252.exe,    7.73, ,   0.22, ,   608
8651252.exe,    7.65, ,   0.22, ,   606
997739.exe,    3.54, ,   0.11, ,   290
997739.exe,    3.58, ,   0.11, ,   291
997739.exe,    3.58, ,   0.11, ,   289
997739.exe,    3.55, ,   0.11, ,   290
997739.exe,    3.56, ,   0.11, ,   290
997739.exe,    3.61, ,   0.11, ,   293
997739.exe,    3.58, ,   0.11, ,   291
997739.exe,    3.45, ,   0.12, ,   309
997739.exe,    3.57, ,   0.11, ,   292
997739.exe,    3.58, ,   0.11, ,   291
1056877.exe,    9.00, ,   0.26, ,   719
1056877.exe,    8.90, ,   0.25, ,   701
1056877.exe,    8.90, ,   0.24, ,   700
1056877.exe,    8.82, ,   0.24, ,   696
1056877.exe,    8.82, ,   0.23, ,   696
1056877.exe,    8.80, ,   0.23, ,   698
1056877.exe,    8.85, ,   0.25, ,   700
1056877.exe,    8.79, ,   0.24, ,   696
1056877.exe,    8.84, ,   0.24, ,   700
1056877.exe,    8.84, ,   0.23, ,   700
1110958.exe,    3.53, ,   0.11, ,   290
1110958.exe,    3.53, ,   0.11, ,   289
1110958.exe,    3.52, ,   0.11, ,   290
1110958.exe,    3.55, ,   0.11, ,   291
1110958.exe,    3.56, ,   0.11, ,   289
1110958.exe,    3.54, ,   0.11, ,   290
1110958.exe,    3.53, ,   0.11, ,   287
1110958.exe,    3.49, ,   0.11, ,   287
1110958.exe,    3.58, ,   0.11, ,   290
1110958.exe,    3.59, ,   0.11, ,   294
1313602.exe,    3.58, ,   0.11, ,   290
1313602.exe,    3.59, ,   0.11, ,   290
1313602.exe,    3.58, ,   0.11, ,   288
1313602.exe,    3.55, ,   0.11, ,   289
1313602.exe,    3.58, ,   0.11, ,   289
1313602.exe,    3.51, ,   0.11, ,   287
1313602.exe,    3.49, ,   0.11, ,   287
1313602.exe,    3.55, ,   0.11, ,   289
1313602.exe,    3.54, ,   0.11, ,   287
1313602.exe,    3.55, ,   0.11, ,   288
1333327.exe,    3.41, ,   0.11, ,   290
1333327.exe,    3.48, ,   0.11, ,   287
1333327.exe,    3.54, ,   0.11, ,   286
1333327.exe,    3.53, ,   0.11, ,   287
1333327.exe,    3.51, ,   0.11, ,   286
1333327.exe,    3.53, ,   0.11, ,   286
1333327.exe,    3.55, ,   0.11, ,   287
1333327.exe,    3.55, ,   0.11, ,   289
1333327.exe,    3.53, ,   0.11, ,   287
1333327.exe,    3.50, ,   0.11, ,   287
1383313.exe,    7.75, ,   0.21, ,   602
1383313.exe,    7.78, ,   0.22, ,   604
1383313.exe,    7.80, ,   0.22, ,   606
1383313.exe,    7.83, ,   0.22, ,   605
1383313.exe,    7.80, ,   0.22, ,   607
1383313.exe,    7.78, ,   0.22, ,   607
1383313.exe,    7.76, ,   0.22, ,   605
1383313.exe,    7.64, ,   0.20, ,   622
1383313.exe,    7.79, ,   0.22, ,   606
1383313.exe,    7.76, ,   0.22, ,   603
1524420.exe,    8.23, ,   0.26, ,   650
1524420.exe,    8.24, ,   0.27, ,   650
1524420.exe,    8.33, ,   0.27, ,   656
1524420.exe,    8.24, ,   0.25, ,   651
1524420.exe,    8.30, ,   0.27, ,   650
1524420.exe,    8.27, ,   0.27, ,   652
1524420.exe,    8.34, ,   0.26, ,   651
1524420.exe,    8.29, ,   0.25, ,   652
1524420.exe,    8.31, ,   0.25, ,   652
1524420.exe,    8.24, ,   0.24, ,   649
1576250.exe,    7.78, ,   0.22, ,   609
1576250.exe,    7.81, ,   0.22, ,   610
1576250.exe,    7.78, ,   0.22, ,   611
1576250.exe,    7.75, ,   0.22, ,   610
1576250.exe,    7.72, ,   0.22, ,   608
1576250.exe,    7.76, ,   0.22, ,   610
1576250.exe,    7.78, ,   0.22, ,   611
1576250.exe,    7.77, ,   0.22, ,   609
1576250.exe,    7.82, ,   0.22, ,   610
1576250.exe,    7.83, ,   0.22, ,   609
1899156.exe,    3.89, ,   0.16, ,   322
1899156.exe,    3.89, ,   0.16, ,   320
1899156.exe,    3.86, ,   0.16, ,   319
1899156.exe,    3.81, ,   0.16, ,   321
1899156.exe,    3.86, ,   0.16, ,   321
1899156.exe,    3.85, ,   0.16, ,   319
1899156.exe,    3.86, ,   0.16, ,   322
1899156.exe,    3.94, ,   0.16, ,   323
1899156.exe,    3.86, ,   0.16, ,   322
1899156.exe,    3.84, ,   0.16, ,   323
2080168.exe,    8.30, ,   0.24, ,   651
2080168.exe,    8.27, ,   0.24, ,   653
2080168.exe,    8.20, ,   0.25, ,   651
2080168.exe,    8.25, ,   0.24, ,   649
2080168.exe,    8.20, ,   0.25, ,   651
2080168.exe,    8.27, ,   0.25, ,   649
2080168.exe,    8.29, ,   0.25, ,   653
2080168.exe,    8.22, ,   0.25, ,   648
2080168.exe,    8.23, ,   0.26, ,   651
2080168.exe,    8.22, ,   0.25, ,   648
2083684.exe,    7.78, ,   0.22, ,   608
2083684.exe,    7.69, ,   0.22, ,   603
2083684.exe,    7.75, ,   0.22, ,   608
2083684.exe,    7.74, ,   0.22, ,   603
2083684.exe,    7.75, ,   0.22, ,   606
2083684.exe,    7.68, ,   0.22, ,   601
2083684.exe,    7.69, ,   0.22, ,   602
2083684.exe,    7.76, ,   0.22, ,   605
2083684.exe,    7.71, ,   0.22, ,   602
2083684.exe,    7.75, ,   0.22, ,   605
2098233.exe,    3.83, ,   0.16, ,   320
2098233.exe,    3.86, ,   0.16, ,   321
2098233.exe,    3.86, ,   0.16, ,   321
2098233.exe,    3.87, ,   0.16, ,   322
2098233.exe,    3.86, ,   0.17, ,   322
2098233.exe,    3.86, ,   0.16, ,   321
2098233.exe,    3.93, ,   0.16, ,   324
2098233.exe,    3.76, ,   0.18, ,   351
2098233.exe,    3.86, ,   0.16, ,   322
2098233.exe,    3.87, ,   0.16, ,   321
2126664.exe,    4.91, ,   0.22, ,   418
2126664.exe,    4.91, ,   0.22, ,   418
2126664.exe,    4.92, ,   0.22, ,   416
2126664.exe,    4.94, ,   0.22, ,   417
2126664.exe,    4.90, ,   0.22, ,   416
2126664.exe,    4.94, ,   0.22, ,   418
2126664.exe,    4.85, ,   0.22, ,   416
2126664.exe,    4.91, ,   0.22, ,   417
2126664.exe,    4.90, ,   0.22, ,   418
2126664.exe,    4.90, ,   0.22, ,   417
2134751.exe,    5.05, ,   0.22, ,   425
2134751.exe,    5.07, ,   0.22, ,   424
2134751.exe,    5.09, ,   0.22, ,   425
2134751.exe,    5.06, ,   0.22, ,   423
2134751.exe,    5.05, ,   0.22, ,   422
2134751.exe,    5.05, ,   0.22, ,   424
2134751.exe,    5.09, ,   0.22, ,   425
2134751.exe,    5.00, ,   0.22, ,   424
2134751.exe,    4.99, ,   0.22, ,   423
2134751.exe,    5.02, ,   0.22, ,   424
2162489.exe,    4.17, ,   0.17, ,   350
2162489.exe,    4.22, ,   0.17, ,   351
2162489.exe,    4.19, ,   0.17, ,   350
2162489.exe,    4.20, ,   0.17, ,   350
2162489.exe,    4.16, ,   0.17, ,   350
2162489.exe,    4.20, ,   0.17, ,   350
2162489.exe,    4.20, ,   0.17, ,   352
2162489.exe,    4.18, ,   0.17, ,   352
2162489.exe,    4.18, ,   0.17, ,   351
2162489.exe,    4.19, ,   0.17, ,   351
2190864.exe,    8.08, ,   0.22, ,   636
2190864.exe,    7.96, ,   0.22, ,   631
2190864.exe,    8.02, ,   0.22, ,   631
2190864.exe,    8.01, ,   0.22, ,   631
2190864.exe,    8.07, ,   0.22, ,   634
2190864.exe,    8.03, ,   0.22, ,   631
2190864.exe,    7.97, ,   0.22, ,   630
2190864.exe,    7.96, ,   0.22, ,   629
2190864.exe,    8.00, ,   0.22, ,   629
2190864.exe,    8.07, ,   0.22, ,   630
2237372.exe,    7.74, ,   0.22, ,   606
2237372.exe,    7.67, ,   0.22, ,   600
2237372.exe,    7.69, ,   0.21, ,   601
2237372.exe,    7.66, ,   0.22, ,   599
2237372.exe,    7.73, ,   0.21, ,   601
2237372.exe,    7.71, ,   0.22, ,   600
2237372.exe,    7.73, ,   0.20, ,   601
2237372.exe,    7.73, ,   0.22, ,   601
2237372.exe,    7.74, ,   0.21, ,   598
2237372.exe,    7.71, ,   0.22, ,   602
238280.exe,    3.57, ,   0.11, ,   294
238280.exe,    3.61, ,   0.11, ,   293
238280.exe,    3.55, ,   0.11, ,   294
238280.exe,    3.58, ,   0.11, ,   296
238280.exe,    3.59, ,   0.11, ,   293
238280.exe,    3.58, ,   0.11, ,   294
238280.exe,    3.57, ,   0.11, ,   295
238280.exe,    3.57, ,   0.11, ,   293
238280.exe,    3.47, ,   0.12, ,   307
238280.exe,    3.60, ,   0.11, ,   294
2406283.exe,    4.59, ,   0.18, ,   389
2406283.exe,    4.56, ,   0.18, ,   386
2406283.exe,    4.54, ,   0.17, ,   385
2406283.exe,    4.56, ,   0.17, ,   383
2406283.exe,    4.57, ,   0.17, ,   385
2406283.exe,    4.56, ,   0.17, ,   387
2406283.exe,    4.61, ,   0.17, ,   388
2406283.exe,    4.52, ,   0.17, ,   383
2406283.exe,    4.58, ,   0.18, ,   385
2406283.exe,    4.53, ,   0.17, ,   384
2434772.exe,    3.83, ,   0.16, ,   320
2434772.exe,    3.87, ,   0.16, ,   319
2434772.exe,    3.80, ,   0.16, ,   317
2434772.exe,    3.86, ,   0.16, ,   319
2434772.exe,    3.78, ,   0.16, ,   335
2434772.exe,    3.86, ,   0.16, ,   320
2434772.exe,    3.80, ,   0.16, ,   321
2434772.exe,    3.85, ,   0.16, ,   319
2434772.exe,    3.85, ,   0.16, ,   319
2434772.exe,    3.87, ,   0.16, ,   319
2551095.exe,    7.78, ,   0.22, ,   605
2551095.exe,    7.87, ,   0.22, ,   608
2551095.exe,    7.76, ,   0.22, ,   604
2551095.exe,    7.73, ,   0.22, ,   604
2551095.exe,    7.72, ,   0.22, ,   605
2551095.exe,    7.78, ,   0.22, ,   610
2551095.exe,    7.75, ,   0.21, ,   608
2551095.exe,    7.75, ,   0.22, ,   605
2551095.exe,    7.66, ,   0.22, ,   603
2551095.exe,    7.64, ,   0.22, ,   622
2596867.exe,    3.52, ,   0.11, ,   289
2596867.exe,    3.52, ,   0.11, ,   286
2596867.exe,    3.46, ,   0.11, ,   287
2596867.exe,    3.51, ,   0.11, ,   286
2596867.exe,    3.50, ,   0.11, ,   287
2596867.exe,    3.49, ,   0.11, ,   286
2596867.exe,    3.50, ,   0.11, ,   285
2596867.exe,    3.50, ,   0.11, ,   286
2596867.exe,    3.52, ,   0.11, ,   286
2596867.exe,    3.50, ,   0.11, ,   286
2629074.exe,    7.71, ,   0.22, ,   600
2629074.exe,    7.67, ,   0.22, ,   597
2629074.exe,    7.65, ,   0.22, ,   597
2629074.exe,    7.72, ,   0.22, ,   602
2629074.exe,    7.63, ,   0.21, ,   597
2629074.exe,    7.69, ,   0.21, ,   596
2629074.exe,    7.69, ,   0.22, ,   597
2629074.exe,    7.76, ,   0.22, ,   603
2629074.exe,    7.66, ,   0.21, ,   596
2629074.exe,    7.63, ,   0.22, ,   598
2685390.exe,    3.91, ,   0.17, ,   331
2685390.exe,    3.87, ,   0.16, ,   332
2685390.exe,    3.96, ,   0.17, ,   331
2685390.exe,    3.95, ,   0.17, ,   332
2685390.exe,    3.97, ,   0.17, ,   331
2685390.exe,    3.99, ,   0.17, ,   331
2685390.exe,    3.96, ,   0.17, ,   332
2685390.exe,    3.95, ,   0.17, ,   331
2685390.exe,    3.94, ,   0.17, ,   329
2685390.exe,    3.97, ,   0.17, ,   329
2947180.exe,    3.59, ,   0.11, ,   293
2947180.exe,    3.59, ,   0.11, ,   295
2947180.exe,    3.59, ,   0.11, ,   293
2947180.exe,    3.62, ,   0.11, ,   294
2947180.exe,    3.59, ,   0.11, ,   294
2947180.exe,    3.60, ,   0.11, ,   295
2947180.exe,    3.69, ,   0.11, ,   300
2947180.exe,    3.58, ,   0.11, ,   295
2947180.exe,    3.63, ,   0.11, ,   297
2947180.exe,    3.64, ,   0.11, ,   293
2947894.exe,    3.60, ,   0.11, ,   291
2947894.exe,    3.57, ,   0.11, ,   290
2947894.exe,    3.56, ,   0.11, ,   290
2947894.exe,    3.62, ,   0.12, ,   293
2947894.exe,    3.61, ,   0.11, ,   291
2947894.exe,    3.59, ,   0.11, ,   291
2947894.exe,    3.59, ,   0.11, ,   289
2947894.exe,    3.59, ,   0.11, ,   290
2947894.exe,    3.59, ,   0.11, ,   292
2947894.exe,    3.57, ,   0.11, ,   290
2960949.exe,    3.55, ,   0.11, ,   298
2960949.exe,    3.60, ,   0.11, ,   295
2960949.exe,    3.58, ,   0.11, ,   294
2960949.exe,    3.61, ,   0.11, ,   293
2960949.exe,    3.63, ,   0.11, ,   297
2960949.exe,    3.61, ,   0.11, ,   296
2960949.exe,    3.62, ,   0.11, ,   297
2960949.exe,    3.59, ,   0.11, ,   294
2960949.exe,    3.67, ,   0.11, ,   296
2960949.exe,    3.61, ,   0.11, ,   295
3086125.exe,    9.70, ,   0.49, ,   928
3086125.exe,    9.75, ,   0.50, ,   929
3086125.exe,    9.70, ,   0.48, ,   926
3086125.exe,   10.00, ,   0.49, ,   935
3086125.exe,   10.05, ,   0.50, ,   936
3086125.exe,    9.88, ,   0.50, ,   933
3086125.exe,    9.85, ,   0.50, ,   935
3086125.exe,   10.37, ,   0.50, ,   936
3086125.exe,   10.73, ,   0.60, ,   987
3086125.exe,   12.10, ,   0.83, ,  1088
3128348.exe,    8.81, ,   0.39, ,   663
3128348.exe,    8.72, ,   0.38, ,   660
3128348.exe,    8.67, ,   0.37, ,   659
3128348.exe,    8.51, ,   0.34, ,   647
3128348.exe,    8.34, ,   0.29, ,   637
3128348.exe,    8.35, ,   0.29, ,   638
3128348.exe,    8.30, ,   0.28, ,   633
3128348.exe,    8.15, ,   0.28, ,   624
3128348.exe,    8.01, ,   0.26, ,   620
3128348.exe,    7.96, ,   0.24, ,   623
3569069.exe,   11.72, ,   0.59, ,  1029
3569069.exe,   11.64, ,   0.60, ,  1042
3569069.exe,   11.75, ,   0.59, ,  1029
3569069.exe,   11.74, ,   0.59, ,  1029
3569069.exe,   11.74, ,   0.59, ,  1030
3569069.exe,   11.70, ,   0.60, ,  1030
3569069.exe,   11.74, ,   0.59, ,  1029
3569069.exe,   11.68, ,   0.60, ,  1030
3569069.exe,   11.72, ,   0.59, ,  1031
3569069.exe,   11.73, ,   0.60, ,  1030
378160.exe,    8.11, ,   0.26, ,   651
378160.exe,    8.11, ,   0.26, ,   650
378160.exe,    8.17, ,   0.27, ,   648
378160.exe,    8.08, ,   0.23, ,   645
378160.exe,    8.13, ,   0.26, ,   649
378160.exe,    8.22, ,   0.26, ,   653
378160.exe,    8.19, ,   0.27, ,   651
378160.exe,    8.18, ,   0.26, ,   651
378160.exe,    8.14, ,   0.27, ,   650
378160.exe,    8.13, ,   0.25, ,   648
3974425.exe,    3.92, ,   0.16, ,   323
3974425.exe,    3.89, ,   0.16, ,   321
3974425.exe,    3.89, ,   0.16, ,   322
3974425.exe,    3.90, ,   0.16, ,   324
3974425.exe,    3.85, ,   0.16, ,   322
3974425.exe,    3.90, ,   0.16, ,   322
3974425.exe,    3.86, ,   0.16, ,   322
3974425.exe,    3.89, ,   0.16, ,   322
3974425.exe,    4.30, ,   0.16, ,   325
3974425.exe,    3.87, ,   0.16, ,   323
3982997.exe,    3.59, ,   0.11, ,   294
3982997.exe,    3.56, ,   0.11, ,   294
3982997.exe,    3.55, ,   0.11, ,   294
3982997.exe,    3.51, ,   0.11, ,   294
3982997.exe,    3.58, ,   0.11, ,   292
3982997.exe,    3.55, ,   0.11, ,   292
3982997.exe,    3.54, ,   0.11, ,   292
3982997.exe,    3.55, ,   0.11, ,   290
3982997.exe,    3.58, ,   0.11, ,   293
3982997.exe,    3.58, ,   0.11, ,   291
3993006.exe,    7.62, ,   0.22, ,   624
3993006.exe,    7.68, ,   0.22, ,   607
3993006.exe,    7.72, ,   0.22, ,   607
3993006.exe,    7.71, ,   0.22, ,   604
3993006.exe,    7.76, ,   0.22, ,   605
3993006.exe,    7.76, ,   0.22, ,   609
3993006.exe,    7.76, ,   0.22, ,   611
3993006.exe,    7.70, ,   0.22, ,   607
3993006.exe,    7.57, ,   0.22, ,   618
3993006.exe,    7.61, ,   0.22, ,   605
4053780.exe,    3.51, ,   0.11, ,   291
4053780.exe,    3.54, ,   0.11, ,   290
4053780.exe,    3.53, ,   0.11, ,   290
4053780.exe,    3.55, ,   0.11, ,   290
4053780.exe,    3.55, ,   0.12, ,   290
4053780.exe,    3.43, ,   0.12, ,   308
4053780.exe,    3.55, ,   0.11, ,   291
4053780.exe,    3.55, ,   0.11, ,   290
4053780.exe,    3.52, ,   0.11, ,   289
4053780.exe,    3.54, ,   0.11, ,   290
4313052.exe,    3.84, ,   0.16, ,   321
4313052.exe,    3.85, ,   0.16, ,   320
4313052.exe,    3.85, ,   0.16, ,   320
4313052.exe,    3.87, ,   0.16, ,   322
4313052.exe,    3.82, ,   0.16, ,   322
4313052.exe,    3.81, ,   0.16, ,   321
4313052.exe,    3.79, ,   0.16, ,   320
4313052.exe,    3.84, ,   0.16, ,   319
4313052.exe,    3.86, ,   0.16, ,   321
4313052.exe,    3.86, ,   0.16, ,   319
4619197.exe,    7.60, ,   0.20, ,   598
4619197.exe,    7.61, ,   0.20, ,   596
4619197.exe,    7.61, ,   0.22, ,   595
4619197.exe,    7.65, ,   0.21, ,   599
4619197.exe,    7.64, ,   0.22, ,   596
4619197.exe,    8.07, ,   0.22, ,   608
4619197.exe,    7.73, ,   0.22, ,   601
4619197.exe,    7.58, ,   0.22, ,   600
4619197.exe,    7.60, ,   0.22, ,   600
4619197.exe,    7.55, ,   0.21, ,   603
470433.exe,   13.53, ,   0.67, ,  1169
470433.exe,   13.48, ,   0.68, ,  1167
470433.exe,   13.46, ,   0.68, ,  1166
470433.exe,   13.46, ,   0.67, ,  1165
470433.exe,   13.40, ,   0.68, ,  1167
470433.exe,   13.41, ,   0.67, ,  1167
470433.exe,   13.46, ,   0.68, ,  1168
470433.exe,   13.36, ,   0.65, ,  1164
470433.exe,   13.35, ,   0.66, ,  1164
470433.exe,   13.34, ,   0.68, ,  1165
4772895.exe,    8.23, ,   0.23, ,   654
4772895.exe,    8.32, ,   0.23, ,   660
4772895.exe,    8.22, ,   0.23, ,   652
4772895.exe,    8.26, ,   0.23, ,   652
4772895.exe,    8.21, ,   0.23, ,   651
4772895.exe,    8.67, ,   0.24, ,   658
4772895.exe,    8.27, ,   0.23, ,   654
4772895.exe,    8.30, ,   0.23, ,   655
4772895.exe,    8.18, ,   0.23, ,   651
4772895.exe,    8.25, ,   0.23, ,   657
5140609.exe,    7.61, ,   0.21, ,   598
5140609.exe,    7.64, ,   0.21, ,   596
5140609.exe,    7.66, ,   0.20, ,   597
5140609.exe,    7.63, ,   0.21, ,   598
5140609.exe,    7.70, ,   0.20, ,   596
5140609.exe,    7.61, ,   0.21, ,   596
5140609.exe,    7.64, ,   0.21, ,   597
5140609.exe,    7.73, ,   0.22, ,   600
5140609.exe,    7.72, ,   0.21, ,   602
5140609.exe,    7.65, ,   0.22, ,   599
5162419.exe,    3.72, ,   0.13, ,   318
5162419.exe,    3.76, ,   0.12, ,   314
5162419.exe,    3.81, ,   0.14, ,   315
5162419.exe,    3.80, ,   0.12, ,   315
5162419.exe,    3.99, ,   0.12, ,   316
5162419.exe,    3.78, ,   0.11, ,   313
5162419.exe,    3.79, ,   0.11, ,   313
5162419.exe,    3.81, ,   0.12, ,   314
5162419.exe,    3.78, ,   0.12, ,   314
5162419.exe,    3.76, ,   0.11, ,   313
5381024.exe,    3.52, ,   0.11, ,   290
5381024.exe,    3.52, ,   0.11, ,   290
5381024.exe,    3.53, ,   0.11, ,   289
5381024.exe,    3.51, ,   0.11, ,   289
5381024.exe,    3.51, ,   0.11, ,   289
5381024.exe,    3.52, ,   0.11, ,   291
5381024.exe,    3.50, ,   0.11, ,   291
5381024.exe,    3.54, ,   0.11, ,   291
5381024.exe,    3.55, ,   0.11, ,   297
5381024.exe,    3.51, ,   0.11, ,   290
5745274.exe,    7.71, ,   0.22, ,   603
5745274.exe,    7.79, ,   0.22, ,   610
5745274.exe,    7.69, ,   0.23, ,   604
5745274.exe,    7.67, ,   0.22, ,   602
5745274.exe,    7.65, ,   0.22, ,   606
5745274.exe,    7.65, ,   0.22, ,   605
5745274.exe,    7.72, ,   0.22, ,   606
5745274.exe,    7.69, ,   0.22, ,   606
5745274.exe,    7.67, ,   0.22, ,   603
5745274.exe,    7.74, ,   0.22, ,   608
5989896.exe,    3.64, ,   0.11, ,   296
5989896.exe,    3.61, ,   0.11, ,   297
5989896.exe,    3.63, ,   0.11, ,   296
5989896.exe,    3.62, ,   0.11, ,   295
5989896.exe,    3.63, ,   0.11, ,   296
5989896.exe,    3.60, ,   0.11, ,   295
5989896.exe,    3.57, ,   0.11, ,   297
5989896.exe,    3.60, ,   0.11, ,   295
5989896.exe,    3.57, ,   0.11, ,   295
5989896.exe,    3.59, ,   0.11, ,   297
602592.exe,    8.07, ,   0.22, ,   644
602592.exe,    8.01, ,   0.22, ,   640
602592.exe,    8.04, ,   0.22, ,   643
602592.exe,    8.06, ,   0.22, ,   640
602592.exe,    8.15, ,   0.22, ,   645
602592.exe,    8.08, ,   0.22, ,   640
602592.exe,    8.11, ,   0.22, ,   644
602592.exe,    8.05, ,   0.22, ,   643
602592.exe,    8.02, ,   0.22, ,   641
602592.exe,    8.11, ,   0.22, ,   645
6059959.exe,    3.50, ,   0.11, ,   286
6059959.exe,    3.50, ,   0.11, ,   288
6059959.exe,    3.44, ,   0.11, ,   287
6059959.exe,    3.49, ,   0.11, ,   289
6059959.exe,    3.51, ,   0.11, ,   288
6059959.exe,    3.51, ,   0.11, ,   290
6059959.exe,    3.54, ,   0.11, ,   291
6059959.exe,    3.48, ,   0.11, ,   290
6059959.exe,    3.51, ,   0.11, ,   286
6059959.exe,    3.58, ,   0.11, ,   293
6196910.exe,    3.93, ,   0.17, ,   329
6196910.exe,    3.96, ,   0.17, ,   330
6196910.exe,    3.94, ,   0.17, ,   331
6196910.exe,    3.89, ,   0.17, ,   331
6196910.exe,    3.96, ,   0.17, ,   330
6196910.exe,    3.94, ,   0.17, ,   329
6196910.exe,    3.98, ,   0.17, ,   333
6196910.exe,    3.92, ,   0.17, ,   325
6196910.exe,    3.91, ,   0.17, ,   328
6196910.exe,    3.95, ,   0.17, ,   329
6268068.exe,    7.62, ,   0.22, ,   598
6268068.exe,    7.58, ,   0.22, ,   616
6268068.exe,    7.61, ,   0.21, ,   599
6268068.exe,    7.68, ,   0.22, ,   600
6268068.exe,    8.01, ,   0.22, ,   600
6268068.exe,    7.65, ,   0.22, ,   602
6268068.exe,    7.69, ,   0.22, ,   600
6268068.exe,    7.72, ,   0.22, ,   604
6268068.exe,    7.67, ,   0.22, ,   600
6268068.exe,    7.80, ,   0.22, ,   602
630946.exe,    3.46, ,   0.11, ,   287
630946.exe,    3.46, ,   0.11, ,   285
630946.exe,    3.45, ,   0.11, ,   285
630946.exe,    3.47, ,   0.11, ,   285
630946.exe,    3.47, ,   0.11, ,   284
630946.exe,    3.46, ,   0.11, ,   285
630946.exe,    3.45, ,   0.11, ,   286
630946.exe,    3.45, ,   0.11, ,   285
630946.exe,    3.49, ,   0.11, ,   286
630946.exe,    3.45, ,   0.11, ,   285
637097.exe,    8.02, ,   0.23, ,   644
637097.exe,    8.09, ,   0.23, ,   645
637097.exe,    8.14, ,   0.23, ,   645
637097.exe,    8.16, ,   0.23, ,   645
637097.exe,    8.13, ,   0.23, ,   644
637097.exe,    8.16, ,   0.23, ,   644
637097.exe,    8.18, ,   0.23, ,   646
637097.exe,    8.20, ,   0.23, ,   648
637097.exe,    8.45, ,   0.24, ,   649
637097.exe,    8.26, ,   0.24, ,   651
6379333.exe,    3.44, ,   0.11, ,   294
6379333.exe,    3.49, ,   0.11, ,   296
6379333.exe,    3.48, ,   0.11, ,   296
6379333.exe,    3.45, ,   0.11, ,   297
6379333.exe,    3.53, ,   0.11, ,   295
6379333.exe,    3.50, ,   0.11, ,   294
6379333.exe,    3.46, ,   0.11, ,   296
6379333.exe,    3.49, ,   0.11, ,   292
6379333.exe,    3.52, ,   0.11, ,   293
6379333.exe,    3.51, ,   0.11, ,   292
6437364.exe,    3.33, ,   0.12, ,   312
6437364.exe,    3.47, ,   0.11, ,   287
6437364.exe,    3.44, ,   0.11, ,   286
6437364.exe,    3.46, ,   0.11, ,   284
6437364.exe,    3.47, ,   0.11, ,   286
6437364.exe,    3.47, ,   0.11, ,   285
6437364.exe,    3.48, ,   0.11, ,   285
6437364.exe,    3.52, ,   0.11, ,   285
6437364.exe,    3.50, ,   0.11, ,   285
6437364.exe,    3.54, ,   0.12, ,   286
6581060.exe,    3.57, ,   0.11, ,   291
6581060.exe,    3.59, ,   0.11, ,   293
6581060.exe,    3.55, ,   0.11, ,   292
6581060.exe,    3.55, ,   0.11, ,   291
6581060.exe,    3.55, ,   0.11, ,   291
6581060.exe,    3.54, ,   0.11, ,   292
6581060.exe,    3.55, ,   0.11, ,   291
6581060.exe,    3.58, ,   0.11, ,   291
6581060.exe,    3.57, ,   0.11, ,   291
6581060.exe,    3.56, ,   0.11, ,   291
6629192.exe,    7.70, ,   0.22, ,   604
6629192.exe,    7.69, ,   0.22, ,   606
6629192.exe,    7.73, ,   0.22, ,   608
6629192.exe,    7.67, ,   0.22, ,   606
6629192.exe,    7.65, ,   0.22, ,   605
6629192.exe,    7.61, ,   0.22, ,   605
6629192.exe,    7.65, ,   0.22, ,   605
6629192.exe,    8.11, ,   0.22, ,   634
6629192.exe,    7.64, ,   0.22, ,   609
6629192.exe,    7.67, ,   0.22, ,   606
6669955.exe,    3.92, ,   0.16, ,   324
6669955.exe,    3.94, ,   0.16, ,   325
6669955.exe,    3.87, ,   0.16, ,   321
6669955.exe,    3.92, ,   0.16, ,   324
6669955.exe,    3.89, ,   0.16, ,   324
6669955.exe,    3.84, ,   0.16, ,   322
6669955.exe,    3.88, ,   0.16, ,   324
6669955.exe,    3.85, ,   0.16, ,   321
6669955.exe,    3.90, ,   0.16, ,   322
6669955.exe,    3.88, ,   0.16, ,   322
6788249.exe,    4.97, ,   0.16, ,   419
6788249.exe,    4.93, ,   0.16, ,   420
6788249.exe,    4.88, ,   0.16, ,   418
6788249.exe,    4.91, ,   0.16, ,   421
6788249.exe,    4.93, ,   0.16, ,   420
6788249.exe,    4.96, ,   0.16, ,   422
6788249.exe,    4.93, ,   0.16, ,   420
6788249.exe,    4.98, ,   0.16, ,   419
6788249.exe,    4.99, ,   0.16, ,   421
6788249.exe,    4.98, ,   0.16, ,   421
6808700.exe,    3.95, ,   0.17, ,   329
6808700.exe,    3.91, ,   0.16, ,   329
6808700.exe,    3.91, ,   0.16, ,   327
6808700.exe,    3.92, ,   0.16, ,   328
6808700.exe,    3.95, ,   0.17, ,   329
6808700.exe,    3.95, ,   0.16, ,   327
6808700.exe,    3.92, ,   0.17, ,   326
6808700.exe,    3.95, ,   0.16, ,   328
6808700.exe,    3.95, ,   0.16, ,   328
6808700.exe,    3.90, ,   0.17, ,   327
6846211.exe,    3.86, ,   0.16, ,   323
6846211.exe,    3.90, ,   0.16, ,   324
6846211.exe,    3.87, ,   0.17, ,   322
6846211.exe,    3.88, ,   0.16, ,   321
6846211.exe,    3.87, ,   0.16, ,   321
6846211.exe,    3.86, ,   0.16, ,   321
6846211.exe,    4.35, ,   0.16, ,   326
6846211.exe,    3.87, ,   0.16, ,   321
6846211.exe,    3.84, ,   0.16, ,   321
6846211.exe,    3.84, ,   0.16, ,   321
6850112.exe,    3.48, ,   0.11, ,   283
6850112.exe,    3.46, ,   0.11, ,   285
6850112.exe,    3.48, ,   0.11, ,   285
6850112.exe,    3.49, ,   0.11, ,   285
6850112.exe,    3.51, ,   0.11, ,   287
6850112.exe,    3.47, ,   0.11, ,   285
6850112.exe,    3.50, ,   0.11, ,   287
6850112.exe,    3.46, ,   0.11, ,   285
6850112.exe,    3.47, ,   0.11, ,   286
6850112.exe,    3.47, ,   0.11, ,   284
6941529.exe,    7.69, ,   0.22, ,   606
6941529.exe,    7.65, ,   0.21, ,   611
6941529.exe,    7.60, ,   0.21, ,   596
6941529.exe,    7.60, ,   0.21, ,   596
6941529.exe,    7.57, ,   0.21, ,   597
6941529.exe,    7.59, ,   0.21, ,   598
6941529.exe,    7.58, ,   0.22, ,   598
6941529.exe,    7.66, ,   0.22, ,   600
6941529.exe,    7.64, ,   0.22, ,   596
6941529.exe,    7.64, ,   0.22, ,   598
6978096.exe,    3.48, ,   0.11, ,   287
6978096.exe,    3.47, ,   0.11, ,   289
6978096.exe,    3.48, ,   0.11, ,   287
6978096.exe,    3.48, ,   0.11, ,   285
6978096.exe,    3.47, ,   0.11, ,   285
6978096.exe,    3.46, ,   0.11, ,   288
6978096.exe,    3.46, ,   0.11, ,   286
6978096.exe,    3.46, ,   0.11, ,   288
6978096.exe,    3.48, ,   0.11, ,   285
6978096.exe,    3.48, ,   0.11, ,   286
7110392.exe,    3.57, ,   0.11, ,   297
7110392.exe,    3.56, ,   0.11, ,   295
7110392.exe,    3.62, ,   0.11, ,   295
7110392.exe,    3.62, ,   0.11, ,   296
7110392.exe,    3.54, ,   0.11, ,   295
7110392.exe,    3.58, ,   0.12, ,   297
7110392.exe,    3.61, ,   0.11, ,   296
7110392.exe,    3.60, ,   0.11, ,   296
7110392.exe,    3.59, ,   0.11, ,   295
7110392.exe,    3.62, ,   0.11, ,   295
7147241.exe,    3.66, ,   0.11, ,   300
7147241.exe,    3.58, ,   0.11, ,   301
7147241.exe,    3.64, ,   0.11, ,   299
7147241.exe,    3.64, ,   0.11, ,   299
7147241.exe,    3.67, ,   0.11, ,   299
7147241.exe,    3.67, ,   0.11, ,   298
7147241.exe,    3.67, ,   0.11, ,   298
7147241.exe,    3.64, ,   0.11, ,   298
7147241.exe,    3.63, ,   0.11, ,   297
7147241.exe,    3.67, ,   0.11, ,   299
7171152.exe,    3.45, ,   0.11, ,   283
7171152.exe,    3.43, ,   0.11, ,   282
7171152.exe,    3.45, ,   0.11, ,   282
7171152.exe,    3.44, ,   0.11, ,   281
7171152.exe,    3.46, ,   0.11, ,   281
7171152.exe,    3.47, ,   0.11, ,   280
7171152.exe,    3.46, ,   0.11, ,   280
7171152.exe,    3.47, ,   0.11, ,   287
7171152.exe,    3.43, ,   0.11, ,   280
7171152.exe,    3.42, ,   0.11, ,   281
7246995.exe,    3.51, ,   0.11, ,   286
7246995.exe,    3.52, ,   0.11, ,   287
7246995.exe,    3.49, ,   0.11, ,   288
7246995.exe,    3.81, ,   0.11, ,   291
7246995.exe,    3.53, ,   0.11, ,   287
7246995.exe,    3.53, ,   0.11, ,   287
7246995.exe,    3.47, ,   0.11, ,   288
7246995.exe,    3.53, ,   0.11, ,   288
7246995.exe,    3.52, ,   0.11, ,   286
7246995.exe,    3.56, ,   0.11, ,   286
7277441.exe,    3.52, ,   0.11, ,   293
7277441.exe,    3.54, ,   0.11, ,   292
7277441.exe,    3.58, ,   0.11, ,   291
7277441.exe,    3.54, ,   0.11, ,   291
7277441.exe,    3.52, ,   0.11, ,   290
7277441.exe,    3.49, ,   0.11, ,   291
7277441.exe,    3.56, ,   0.11, ,   291
7277441.exe,    3.50, ,   0.11, ,   292
7277441.exe,    3.53, ,   0.11, ,   289
7277441.exe,    3.51, ,   0.11, ,   291
7371342.exe,    7.72, ,   0.22, ,   607
7371342.exe,    7.79, ,   0.22, ,   606
7371342.exe,    7.79, ,   0.22, ,   603
7371342.exe,    7.78, ,   0.22, ,   603
7371342.exe,    7.74, ,   0.21, ,   602
7371342.exe,    7.80, ,   0.22, ,   605
7371342.exe,    7.81, ,   0.22, ,   604
7371342.exe,    7.66, ,   0.21, ,   607
7371342.exe,    7.65, ,   0.22, ,   610
7371342.exe,    7.62, ,   0.22, ,   630
7393459.exe,    4.51, ,   0.22, ,   387
7393459.exe,    4.56, ,   0.22, ,   386
7393459.exe,    4.56, ,   0.22, ,   387
7393459.exe,    4.53, ,   0.22, ,   385
7393459.exe,    4.54, ,   0.22, ,   385
7393459.exe,    4.57, ,   0.22, ,   386
7393459.exe,    4.59, ,   0.22, ,   385
7393459.exe,    4.55, ,   0.22, ,   384
7393459.exe,    4.62, ,   0.22, ,   384
7393459.exe,    4.61, ,   0.22, ,   383
752441.exe,    8.30, ,   0.23, ,   649
752441.exe,    8.29, ,   0.23, ,   647
752441.exe,    8.29, ,   0.23, ,   646
752441.exe,    8.34, ,   0.23, ,   648
752441.exe,    8.33, ,   0.23, ,   646
752441.exe,    8.32, ,   0.23, ,   650
752441.exe,    8.38, ,   0.23, ,   649
752441.exe,    8.35, ,   0.23, ,   648
752441.exe,    8.38, ,   0.23, ,   653
752441.exe,    8.34, ,   0.23, ,   647
7584430.exe,    3.90, ,   0.12, ,   319
7584430.exe,    3.89, ,   0.11, ,   320
7584430.exe,    3.90, ,   0.13, ,   322
7584430.exe,    3.87, ,   0.13, ,   321
7584430.exe,    3.91, ,   0.13, ,   321
7584430.exe,    3.91, ,   0.12, ,   321
7584430.exe,    3.92, ,   0.12, ,   321
7584430.exe,    3.93, ,   0.12, ,   321
7584430.exe,    3.92, ,   0.13, ,   321
7584430.exe,    3.92, ,   0.13, ,   321
7789629.exe,    8.08, ,   0.22, ,   604
7789629.exe,    7.83, ,   0.23, ,   604
7789629.exe,    7.80, ,   0.21, ,   601
7789629.exe,    7.81, ,   0.22, ,   602
7789629.exe,    7.88, ,   0.21, ,   604
7789629.exe,    7.84, ,   0.21, ,   600
7789629.exe,    7.78, ,   0.22, ,   602
7789629.exe,    7.82, ,   0.22, ,   602
7789629.exe,    7.79, ,   0.22, ,   604
7789629.exe,    7.81, ,   0.21, ,   601
7850041.exe,    3.93, ,   0.17, ,   322
7850041.exe,    3.86, ,   0.16, ,   325
7850041.exe,    3.93, ,   0.17, ,   322
7850041.exe,    3.92, ,   0.16, ,   319
7850041.exe,    3.91, ,   0.16, ,   322
7850041.exe,    3.95, ,   0.17, ,   321
7850041.exe,    3.92, ,   0.17, ,   322
7850041.exe,    3.93, ,   0.16, ,   322
7850041.exe,    3.90, ,   0.16, ,   321
7850041.exe,    3.95, ,   0.16, ,   322
7923020.exe,    4.00, ,   0.16, ,   332
7923020.exe,    4.01, ,   0.16, ,   330
7923020.exe,    4.01, ,   0.16, ,   330
7923020.exe,    4.05, ,   0.17, ,   332
7923020.exe,    4.86, ,   0.17, ,   338
7923020.exe,    4.05, ,   0.17, ,   331
7923020.exe,    4.00, ,   0.16, ,   331
7923020.exe,    4.04, ,   0.16, ,   331
7923020.exe,    4.04, ,   0.16, ,   331
7923020.exe,    4.03, ,   0.16, ,   330
8075161.exe,    7.79, ,   0.22, ,   606
8075161.exe,    7.80, ,   0.22, ,   605
8075161.exe,    7.79, ,   0.22, ,   604
8075161.exe,    7.77, ,   0.22, ,   605
8075161.exe,    8.30, ,   0.22, ,   612
8075161.exe,    7.81, ,   0.22, ,   603
8075161.exe,    7.81, ,   0.21, ,   605
8075161.exe,    7.77, ,   0.22, ,   603
8075161.exe,    7.66, ,   0.22, ,   626
8075161.exe,    7.71, ,   0.22, ,   603
8134220.exe,    8.57, ,   0.24, ,   683
8134220.exe,    8.57, ,   0.24, ,   681
8134220.exe,    8.54, ,   0.25, ,   683
8134220.exe,    8.55, ,   0.24, ,   684
8134220.exe,    8.59, ,   0.24, ,   686
8134220.exe,    8.52, ,   0.24, ,   679
8134220.exe,    8.53, ,   0.24, ,   681
8134220.exe,    8.55, ,   0.24, ,   679
8134220.exe,    8.56, ,   0.24, ,   679
8134220.exe,    8.57, ,   0.24, ,   680
8171167.exe,    4.54, ,   0.18, ,   378
8171167.exe,    4.52, ,   0.17, ,   376
8171167.exe,    4.52, ,   0.17, ,   376
8171167.exe,    4.54, ,   0.17, ,   376
8171167.exe,    4.51, ,   0.17, ,   378
8171167.exe,    4.53, ,   0.18, ,   378
8171167.exe,    4.55, ,   0.18, ,   378
8171167.exe,    4.55, ,   0.17, ,   377
8171167.exe,    4.54, ,   0.18, ,   376
8171167.exe,    4.56, ,   0.18, ,   378
8308406.exe,    7.78, ,   0.22, ,   607
8308406.exe,    7.77, ,   0.22, ,   609
8308406.exe,    8.14, ,   0.22, ,   610
8308406.exe,    7.72, ,   0.22, ,   609
8308406.exe,    7.73, ,   0.22, ,   606
8308406.exe,    7.77, ,   0.22, ,   607
8308406.exe,    7.76, ,   0.22, ,   608
8308406.exe,    7.84, ,   0.22, ,   610
8308406.exe,    7.80, ,   0.22, ,   608
8308406.exe,    7.77, ,   0.22, ,   608
8401816.exe,    7.76, ,   0.22, ,   606
8401816.exe,    7.71, ,   0.22, ,   600
8401816.exe,    7.64, ,   0.22, ,   600
8401816.exe,    7.74, ,   0.22, ,   603
8401816.exe,    7.67, ,   0.22, ,   600
8401816.exe,    7.69, ,   0.22, ,   599
8401816.exe,    7.70, ,   0.21, ,   599
8401816.exe,    7.77, ,   0.22, ,   602
8401816.exe,    7.74, ,   0.22, ,   601
8401816.exe,    7.69, ,   0.21, ,   598
863410.exe,   15.02, ,   0.76, ,  1410
863410.exe,   14.89, ,   0.76, ,  1418
863410.exe,   14.86, ,   0.75, ,  1405
863410.exe,   14.84, ,   0.75, ,  1407
863410.exe,   14.96, ,   0.75, ,  1416
863410.exe,   15.00, ,   0.75, ,  1413
863410.exe,   14.99, ,   0.75, ,  1420
863410.exe,   15.15, ,   0.77, ,  1420
863410.exe,   14.87, ,   0.75, ,  1408
863410.exe,   14.87, ,   0.75, ,  1403
8651252.exe,    7.82, ,   0.22, ,   610
8651252.exe,    7.77, ,   0.22, ,   606
8651252.exe,    7.78, ,   0.22, ,   608
8651252.exe,    7.84, ,   0.22, ,   609
8651252.exe,    7.72, ,   0.22, ,   608
8651252.exe,    7.84, ,   0.22, ,   610
8651252.exe,    7.85, ,   0.22, ,   612
8651252.exe,    7.85, ,   0.22, ,   610
8651252.exe,    7.86, ,   0.22, ,   609
8651252.exe,    8.32, ,   0.22, ,   614
997739.exe,    3.62, ,   0.11, ,   295
997739.exe,    3.59, ,   0.11, ,   291
997739.exe,    3.60, ,   0.11, ,   291
997739.exe,    3.63, ,   0.11, ,   291
997739.exe,    3.63, ,   0.11, ,   293
997739.exe,    3.60, ,   0.11, ,   290
997739.exe,    3.62, ,   0.11, ,   291
997739.exe,    3.62, ,   0.11, ,   291
997739.exe,    3.59, ,   0.11, ,   290
997739.exe,    3.59, ,   0.11, ,   291
